x,y,pci,
0,0,38.0,
1,0,38.0,
2,0,38.0,
3,0,38.0,
4,0,38.0,
5,0,38.0,
6,0,38.0,
7,0,38.0,
8,0,38.0,
9,0,38.0,
10,0,38.0,
11,0,38.0,
12,0,38.0,
13,0,38.0,
14,0,38.0,
15,0,38.0,
16,0,38.0,
17,0,38.0,
18,0,38.0,
19,0,38.0,
20,0,38.0,
21,0,38.0,
22,0,38.0,
23,0,38.0,
24,0,38.0,
25,0,38.0,
26,0,38.0,
27,0,38.0,
28,0,38.0,
29,0,38.0,
30,0,38.0,
31,0,38.0,
32,0,38.0,
33,0,38.0,
34,0,38.0,
35,0,38.0,
36,0,38.0,
37,0,38.0,
38,0,38.0,
39,0,39.0,
40,0,39.0,
41,0,39.0,
42,0,39.0,
43,0,39.0,
44,0,39.0,
45,0,39.0,
46,0,39.0,
47,0,39.0,
48,0,39.0,
49,0,39.0,
50,0,39.0,
51,0,39.0,
52,0,39.0,
53,0,39.0,
54,0,39.0,
55,0,39.0,
56,0,39.0,
57,0,39.0,
58,0,39.0,
59,0,39.0,
60,0,39.0,
61,0,39.0,
62,0,39.0,
63,0,39.0,
64,0,39.0,
65,0,39.0,
66,0,39.0,
67,0,39.0,
68,0,39.0,
69,0,39.0,
70,0,39.0,
71,0,39.0,
72,0,40.0,
73,0,40.0,
74,0,40.0,
75,0,40.0,
76,0,40.0,
77,0,40.0,
78,0,40.0,
79,0,40.0,
80,0,41.0,
81,0,41.0,
82,0,41.0,
83,0,41.0,
84,0,41.0,
85,0,41.0,
86,0,41.0,
87,0,41.0,
88,0,41.0,
89,0,41.0,
90,0,41.0,
91,0,41.0,
92,0,41.0,
93,0,41.0,
94,0,41.0,
95,0,41.0,
96,0,41.0,
97,0,41.0,
98,0,41.0,
99,0,41.0,
100,0,41.0,
101,0,41.0,
102,0,41.0,
103,0,41.0,
104,0,41.0,
0,1,38.0,
1,1,38.0,
2,1,38.0,
3,1,38.0,
4,1,38.0,
5,1,38.0,
6,1,38.0,
7,1,38.0,
8,1,38.0,
9,1,38.0,
10,1,38.0,
11,1,38.0,
12,1,38.0,
13,1,38.0,
14,1,38.0,
15,1,38.0,
16,1,38.0,
17,1,38.0,
18,1,38.0,
19,1,38.0,
20,1,38.0,
21,1,38.0,
22,1,38.0,
23,1,38.0,
24,1,38.0,
25,1,38.0,
26,1,38.0,
27,1,38.0,
28,1,38.0,
29,1,38.0,
30,1,38.0,
31,1,38.0,
32,1,38.0,
33,1,38.0,
34,1,38.0,
35,1,38.0,
36,1,38.0,
37,1,38.0,
38,1,38.0,
39,1,38.0,
40,1,38.0,
41,1,39.0,
42,1,39.0,
43,1,39.0,
44,1,39.0,
45,1,39.0,
46,1,39.0,
47,1,39.0,
48,1,39.0,
49,1,39.0,
50,1,39.0,
51,1,39.0,
52,1,39.0,
53,1,39.0,
54,1,39.0,
55,1,39.0,
56,1,39.0,
57,1,39.0,
58,1,39.0,
59,1,39.0,
60,1,39.0,
61,1,39.0,
62,1,39.0,
63,1,39.0,
64,1,39.0,
65,1,39.0,
66,1,39.0,
67,1,39.0,
68,1,39.0,
69,1,39.0,
70,1,39.0,
71,1,39.0,
72,1,40.0,
73,1,40.0,
74,1,40.0,
75,1,40.0,
76,1,40.0,
77,1,40.0,
78,1,40.0,
79,1,40.0,
80,1,41.0,
81,1,41.0,
82,1,41.0,
83,1,41.0,
84,1,41.0,
85,1,41.0,
86,1,41.0,
87,1,41.0,
88,1,41.0,
89,1,41.0,
90,1,41.0,
91,1,41.0,
92,1,41.0,
93,1,41.0,
94,1,41.0,
95,1,41.0,
96,1,41.0,
97,1,41.0,
98,1,41.0,
99,1,41.0,
100,1,41.0,
101,1,41.0,
102,1,41.0,
103,1,41.0,
104,1,39.0,
0,2,38.0,
1,2,38.0,
2,2,38.0,
3,2,38.0,
4,2,38.0,
5,2,38.0,
6,2,38.0,
7,2,38.0,
8,2,38.0,
9,2,38.0,
10,2,38.0,
11,2,38.0,
12,2,38.0,
13,2,38.0,
14,2,38.0,
15,2,38.0,
16,2,38.0,
17,2,38.0,
18,2,38.0,
19,2,38.0,
20,2,38.0,
21,2,38.0,
22,2,38.0,
23,2,38.0,
24,2,38.0,
25,2,38.0,
26,2,38.0,
27,2,38.0,
28,2,38.0,
29,2,38.0,
30,2,38.0,
31,2,38.0,
32,2,38.0,
33,2,38.0,
34,2,38.0,
35,2,38.0,
36,2,38.0,
37,2,38.0,
38,2,38.0,
39,2,38.0,
40,2,38.0,
41,2,38.0,
42,2,38.0,
43,2,39.0,
44,2,39.0,
45,2,39.0,
46,2,39.0,
47,2,39.0,
48,2,39.0,
49,2,39.0,
50,2,39.0,
51,2,39.0,
52,2,39.0,
53,2,39.0,
54,2,39.0,
55,2,39.0,
56,2,39.0,
57,2,39.0,
58,2,39.0,
59,2,39.0,
60,2,39.0,
61,2,39.0,
62,2,39.0,
63,2,39.0,
64,2,39.0,
65,2,39.0,
66,2,39.0,
67,2,39.0,
68,2,39.0,
69,2,39.0,
70,2,39.0,
71,2,39.0,
72,2,39.0,
73,2,40.0,
74,2,40.0,
75,2,40.0,
76,2,40.0,
77,2,40.0,
78,2,40.0,
79,2,40.0,
80,2,40.0,
81,2,41.0,
82,2,41.0,
83,2,41.0,
84,2,41.0,
85,2,41.0,
86,2,41.0,
87,2,41.0,
88,2,41.0,
89,2,41.0,
90,2,41.0,
91,2,41.0,
92,2,41.0,
93,2,41.0,
94,2,41.0,
95,2,41.0,
96,2,41.0,
97,2,41.0,
98,2,41.0,
99,2,41.0,
100,2,41.0,
101,2,41.0,
102,2,41.0,
103,2,39.0,
104,2,39.0,
0,3,38.0,
1,3,38.0,
2,3,38.0,
3,3,38.0,
4,3,38.0,
5,3,38.0,
6,3,38.0,
7,3,38.0,
8,3,38.0,
9,3,38.0,
10,3,38.0,
11,3,38.0,
12,3,38.0,
13,3,38.0,
14,3,38.0,
15,3,38.0,
16,3,38.0,
17,3,38.0,
18,3,38.0,
19,3,38.0,
20,3,38.0,
21,3,38.0,
22,3,38.0,
23,3,38.0,
24,3,38.0,
25,3,38.0,
26,3,38.0,
27,3,38.0,
28,3,38.0,
29,3,38.0,
30,3,38.0,
31,3,38.0,
32,3,38.0,
33,3,38.0,
34,3,38.0,
35,3,38.0,
36,3,38.0,
37,3,38.0,
38,3,38.0,
39,3,38.0,
40,3,38.0,
41,3,38.0,
42,3,38.0,
43,3,38.0,
44,3,38.0,
45,3,39.0,
46,3,39.0,
47,3,39.0,
48,3,39.0,
49,3,39.0,
50,3,39.0,
51,3,39.0,
52,3,39.0,
53,3,39.0,
54,3,39.0,
55,3,39.0,
56,3,39.0,
57,3,39.0,
58,3,39.0,
59,3,39.0,
60,3,39.0,
61,3,39.0,
62,3,39.0,
63,3,39.0,
64,3,39.0,
65,3,39.0,
66,3,39.0,
67,3,39.0,
68,3,39.0,
69,3,39.0,
70,3,39.0,
71,3,39.0,
72,3,40.0,
73,3,40.0,
74,3,40.0,
75,3,40.0,
76,3,40.0,
77,3,40.0,
78,3,40.0,
79,3,40.0,
80,3,40.0,
81,3,41.0,
82,3,41.0,
83,3,41.0,
84,3,41.0,
85,3,41.0,
86,3,41.0,
87,3,41.0,
88,3,41.0,
89,3,41.0,
90,3,41.0,
91,3,41.0,
92,3,41.0,
93,3,41.0,
94,3,41.0,
95,3,39.0,
96,3,41.0,
97,3,41.0,
98,3,41.0,
99,3,41.0,
100,3,41.0,
101,3,41.0,
102,3,41.0,
103,3,39.0,
104,3,42.0,
0,4,38.0,
1,4,38.0,
2,4,38.0,
3,4,38.0,
4,4,38.0,
5,4,38.0,
6,4,38.0,
7,4,38.0,
8,4,38.0,
9,4,38.0,
10,4,38.0,
11,4,38.0,
12,4,38.0,
13,4,38.0,
14,4,38.0,
15,4,38.0,
16,4,38.0,
17,4,38.0,
18,4,38.0,
19,4,38.0,
20,4,38.0,
21,4,38.0,
22,4,38.0,
23,4,38.0,
24,4,38.0,
25,4,38.0,
26,4,38.0,
27,4,38.0,
28,4,38.0,
29,4,38.0,
30,4,38.0,
31,4,38.0,
32,4,38.0,
33,4,38.0,
34,4,38.0,
35,4,38.0,
36,4,38.0,
37,4,38.0,
38,4,38.0,
39,4,38.0,
40,4,38.0,
41,4,38.0,
42,4,38.0,
43,4,38.0,
44,4,38.0,
45,4,38.0,
46,4,38.0,
47,4,39.0,
48,4,39.0,
49,4,39.0,
50,4,39.0,
51,4,39.0,
52,4,39.0,
53,4,39.0,
54,4,39.0,
55,4,39.0,
56,4,39.0,
57,4,39.0,
58,4,39.0,
59,4,39.0,
60,4,39.0,
61,4,39.0,
62,4,39.0,
63,4,39.0,
64,4,39.0,
65,4,39.0,
66,4,39.0,
67,4,39.0,
68,4,39.0,
69,4,39.0,
70,4,39.0,
71,4,39.0,
72,4,40.0,
73,4,40.0,
74,4,40.0,
75,4,40.0,
76,4,40.0,
77,4,40.0,
78,4,40.0,
79,4,40.0,
80,4,40.0,
81,4,41.0,
82,4,41.0,
83,4,41.0,
84,4,41.0,
85,4,41.0,
86,4,41.0,
87,4,41.0,
88,4,41.0,
89,4,41.0,
90,4,41.0,
91,4,41.0,
92,4,41.0,
93,4,41.0,
94,4,39.0,
95,4,39.0,
96,4,41.0,
97,4,41.0,
98,4,41.0,
99,4,41.0,
100,4,41.0,
101,4,41.0,
102,4,39.0,
103,4,39.0,
104,4,42.0,
0,5,38.0,
1,5,38.0,
2,5,38.0,
3,5,38.0,
4,5,38.0,
5,5,38.0,
6,5,38.0,
7,5,38.0,
8,5,38.0,
9,5,38.0,
10,5,38.0,
11,5,38.0,
12,5,38.0,
13,5,38.0,
14,5,38.0,
15,5,38.0,
16,5,38.0,
17,5,38.0,
18,5,38.0,
19,5,38.0,
20,5,38.0,
21,5,38.0,
22,5,38.0,
23,5,38.0,
24,5,38.0,
25,5,38.0,
26,5,38.0,
27,5,38.0,
28,5,38.0,
29,5,38.0,
30,5,38.0,
31,5,38.0,
32,5,38.0,
33,5,38.0,
34,5,38.0,
35,5,38.0,
36,5,38.0,
37,5,38.0,
38,5,38.0,
39,5,38.0,
40,5,38.0,
41,5,38.0,
42,5,38.0,
43,5,38.0,
44,5,38.0,
45,5,38.0,
46,5,38.0,
47,5,38.0,
48,5,38.0,
49,5,39.0,
50,5,39.0,
51,5,39.0,
52,5,39.0,
53,5,39.0,
54,5,39.0,
55,5,39.0,
56,5,39.0,
57,5,39.0,
58,5,39.0,
59,5,39.0,
60,5,39.0,
61,5,39.0,
62,5,39.0,
63,5,39.0,
64,5,39.0,
65,5,39.0,
66,5,39.0,
67,5,39.0,
68,5,39.0,
69,5,39.0,
70,5,39.0,
71,5,39.0,
72,5,40.0,
73,5,40.0,
74,5,40.0,
75,5,40.0,
76,5,40.0,
77,5,40.0,
78,5,40.0,
79,5,40.0,
80,5,40.0,
81,5,41.0,
82,5,41.0,
83,5,41.0,
84,5,41.0,
85,5,41.0,
86,5,41.0,
87,5,41.0,
88,5,41.0,
89,5,41.0,
90,5,41.0,
91,5,41.0,
92,5,41.0,
93,5,41.0,
94,5,39.0,
95,5,41.0,
96,5,41.0,
97,5,41.0,
98,5,41.0,
99,5,41.0,
100,5,41.0,
101,5,39.0,
102,5,39.0,
103,5,42.0,
104,5,42.0,
0,6,38.0,
1,6,38.0,
2,6,38.0,
3,6,38.0,
4,6,38.0,
5,6,38.0,
6,6,38.0,
7,6,38.0,
8,6,38.0,
9,6,38.0,
10,6,38.0,
11,6,38.0,
12,6,38.0,
13,6,38.0,
14,6,38.0,
15,6,38.0,
16,6,38.0,
17,6,38.0,
18,6,38.0,
19,6,38.0,
20,6,38.0,
21,6,38.0,
22,6,38.0,
23,6,38.0,
24,6,38.0,
25,6,38.0,
26,6,38.0,
27,6,38.0,
28,6,38.0,
29,6,38.0,
30,6,38.0,
31,6,38.0,
32,6,38.0,
33,6,38.0,
34,6,38.0,
35,6,38.0,
36,6,38.0,
37,6,38.0,
38,6,38.0,
39,6,38.0,
40,6,38.0,
41,6,38.0,
42,6,38.0,
43,6,38.0,
44,6,38.0,
45,6,38.0,
46,6,38.0,
47,6,38.0,
48,6,38.0,
49,6,38.0,
50,6,38.0,
51,6,39.0,
52,6,39.0,
53,6,39.0,
54,6,39.0,
55,6,39.0,
56,6,39.0,
57,6,39.0,
58,6,39.0,
59,6,39.0,
60,6,39.0,
61,6,39.0,
62,6,39.0,
63,6,39.0,
64,6,39.0,
65,6,39.0,
66,6,39.0,
67,6,39.0,
68,6,39.0,
69,6,39.0,
70,6,39.0,
71,6,39.0,
72,6,39.0,
73,6,39.0,
74,6,39.0,
75,6,40.0,
76,6,40.0,
77,6,40.0,
78,6,40.0,
79,6,40.0,
80,6,41.0,
81,6,41.0,
82,6,41.0,
83,6,41.0,
84,6,41.0,
85,6,41.0,
86,6,41.0,
87,6,41.0,
88,6,41.0,
89,6,41.0,
90,6,41.0,
91,6,41.0,
92,6,41.0,
93,6,41.0,
94,6,41.0,
95,6,41.0,
96,6,41.0,
97,6,41.0,
98,6,41.0,
99,6,41.0,
100,6,41.0,
101,6,39.0,
102,6,39.0,
103,6,42.0,
104,6,42.0,
0,7,38.0,
1,7,38.0,
2,7,38.0,
3,7,38.0,
4,7,38.0,
5,7,38.0,
6,7,38.0,
7,7,38.0,
8,7,38.0,
9,7,38.0,
10,7,38.0,
11,7,38.0,
12,7,38.0,
13,7,38.0,
14,7,38.0,
15,7,38.0,
16,7,38.0,
17,7,38.0,
18,7,38.0,
19,7,38.0,
20,7,38.0,
21,7,38.0,
22,7,38.0,
23,7,38.0,
24,7,38.0,
25,7,38.0,
26,7,38.0,
27,7,38.0,
28,7,38.0,
29,7,38.0,
30,7,38.0,
31,7,38.0,
32,7,38.0,
33,7,38.0,
34,7,38.0,
35,7,38.0,
36,7,38.0,
37,7,38.0,
38,7,38.0,
39,7,38.0,
40,7,38.0,
41,7,38.0,
42,7,38.0,
43,7,38.0,
44,7,38.0,
45,7,38.0,
46,7,38.0,
47,7,38.0,
48,7,38.0,
49,7,38.0,
50,7,38.0,
51,7,38.0,
52,7,39.0,
53,7,39.0,
54,7,39.0,
55,7,39.0,
56,7,39.0,
57,7,39.0,
58,7,39.0,
59,7,39.0,
60,7,39.0,
61,7,39.0,
62,7,39.0,
63,7,39.0,
64,7,39.0,
65,7,39.0,
66,7,39.0,
67,7,39.0,
68,7,39.0,
69,7,39.0,
70,7,39.0,
71,7,39.0,
72,7,39.0,
73,7,39.0,
74,7,39.0,
75,7,39.0,
76,7,40.0,
77,7,40.0,
78,7,40.0,
79,7,40.0,
80,7,41.0,
81,7,41.0,
82,7,41.0,
83,7,41.0,
84,7,41.0,
85,7,41.0,
86,7,41.0,
87,7,41.0,
88,7,41.0,
89,7,41.0,
90,7,41.0,
91,7,41.0,
92,7,41.0,
93,7,41.0,
94,7,41.0,
95,7,41.0,
96,7,41.0,
97,7,41.0,
98,7,41.0,
99,7,41.0,
100,7,39.0,
101,7,42.0,
102,7,42.0,
103,7,42.0,
104,7,42.0,
0,8,38.0,
1,8,38.0,
2,8,38.0,
3,8,38.0,
4,8,38.0,
5,8,38.0,
6,8,38.0,
7,8,38.0,
8,8,38.0,
9,8,38.0,
10,8,38.0,
11,8,38.0,
12,8,38.0,
13,8,38.0,
14,8,38.0,
15,8,38.0,
16,8,38.0,
17,8,38.0,
18,8,38.0,
19,8,38.0,
20,8,38.0,
21,8,38.0,
22,8,38.0,
23,8,38.0,
24,8,38.0,
25,8,38.0,
26,8,38.0,
27,8,38.0,
28,8,38.0,
29,8,38.0,
30,8,38.0,
31,8,38.0,
32,8,38.0,
33,8,38.0,
34,8,38.0,
35,8,38.0,
36,8,38.0,
37,8,38.0,
38,8,38.0,
39,8,38.0,
40,8,38.0,
41,8,38.0,
42,8,38.0,
43,8,38.0,
44,8,38.0,
45,8,38.0,
46,8,38.0,
47,8,38.0,
48,8,38.0,
49,8,38.0,
50,8,38.0,
51,8,38.0,
52,8,38.0,
53,8,39.0,
54,8,39.0,
55,8,39.0,
56,8,39.0,
57,8,39.0,
58,8,39.0,
59,8,39.0,
60,8,39.0,
61,8,39.0,
62,8,39.0,
63,8,39.0,
64,8,39.0,
65,8,39.0,
66,8,39.0,
67,8,39.0,
68,8,39.0,
69,8,39.0,
70,8,39.0,
71,8,39.0,
72,8,39.0,
73,8,39.0,
74,8,39.0,
75,8,39.0,
76,8,39.0,
77,8,40.0,
78,8,40.0,
79,8,40.0,
80,8,41.0,
81,8,41.0,
82,8,41.0,
83,8,41.0,
84,8,41.0,
85,8,41.0,
86,8,41.0,
87,8,41.0,
88,8,41.0,
89,8,41.0,
90,8,41.0,
91,8,41.0,
92,8,41.0,
93,8,41.0,
94,8,41.0,
95,8,41.0,
96,8,41.0,
97,8,41.0,
98,8,41.0,
99,8,41.0,
100,8,42.0,
101,8,42.0,
102,8,42.0,
103,8,42.0,
104,8,42.0,
0,9,38.0,
1,9,38.0,
2,9,38.0,
3,9,38.0,
4,9,38.0,
5,9,38.0,
6,9,38.0,
7,9,38.0,
8,9,38.0,
9,9,38.0,
10,9,38.0,
11,9,38.0,
12,9,38.0,
13,9,38.0,
14,9,38.0,
15,9,38.0,
16,9,38.0,
17,9,38.0,
18,9,38.0,
19,9,38.0,
20,9,38.0,
21,9,38.0,
22,9,38.0,
23,9,38.0,
24,9,38.0,
25,9,38.0,
26,9,38.0,
27,9,38.0,
28,9,38.0,
29,9,38.0,
30,9,38.0,
31,9,38.0,
32,9,38.0,
33,9,38.0,
34,9,38.0,
35,9,38.0,
36,9,38.0,
37,9,38.0,
38,9,38.0,
39,9,38.0,
40,9,38.0,
41,9,38.0,
42,9,38.0,
43,9,38.0,
44,9,38.0,
45,9,38.0,
46,9,38.0,
47,9,38.0,
48,9,38.0,
49,9,38.0,
50,9,38.0,
51,9,38.0,
52,9,38.0,
53,9,38.0,
54,9,39.0,
55,9,39.0,
56,9,39.0,
57,9,39.0,
58,9,39.0,
59,9,39.0,
60,9,39.0,
61,9,39.0,
62,9,39.0,
63,9,39.0,
64,9,39.0,
65,9,39.0,
66,9,39.0,
67,9,39.0,
68,9,39.0,
69,9,39.0,
70,9,39.0,
71,9,39.0,
72,9,39.0,
73,9,39.0,
74,9,39.0,
75,9,39.0,
76,9,39.0,
77,9,40.0,
78,9,40.0,
79,9,40.0,
80,9,41.0,
81,9,41.0,
82,9,41.0,
83,9,41.0,
84,9,41.0,
85,9,41.0,
86,9,41.0,
87,9,41.0,
88,9,41.0,
89,9,41.0,
90,9,41.0,
91,9,41.0,
92,9,41.0,
93,9,41.0,
94,9,41.0,
95,9,41.0,
96,9,41.0,
97,9,41.0,
98,9,41.0,
99,9,39.0,
100,9,42.0,
101,9,42.0,
102,9,42.0,
103,9,42.0,
104,9,42.0,
0,10,38.0,
1,10,38.0,
2,10,38.0,
3,10,38.0,
4,10,38.0,
5,10,38.0,
6,10,38.0,
7,10,38.0,
8,10,38.0,
9,10,38.0,
10,10,38.0,
11,10,38.0,
12,10,38.0,
13,10,38.0,
14,10,38.0,
15,10,38.0,
16,10,38.0,
17,10,38.0,
18,10,38.0,
19,10,38.0,
20,10,38.0,
21,10,38.0,
22,10,38.0,
23,10,38.0,
24,10,38.0,
25,10,38.0,
26,10,38.0,
27,10,38.0,
28,10,38.0,
29,10,38.0,
30,10,38.0,
31,10,38.0,
32,10,38.0,
33,10,38.0,
34,10,38.0,
35,10,38.0,
36,10,38.0,
37,10,38.0,
38,10,38.0,
39,10,38.0,
40,10,38.0,
41,10,38.0,
42,10,38.0,
43,10,38.0,
44,10,38.0,
45,10,38.0,
46,10,38.0,
47,10,38.0,
48,10,38.0,
49,10,38.0,
50,10,38.0,
51,10,38.0,
52,10,38.0,
53,10,38.0,
54,10,39.0,
55,10,39.0,
56,10,39.0,
57,10,39.0,
58,10,39.0,
59,10,39.0,
60,10,39.0,
61,10,39.0,
62,10,39.0,
63,10,39.0,
64,10,39.0,
65,10,39.0,
66,10,39.0,
67,10,39.0,
68,10,39.0,
69,10,39.0,
70,10,39.0,
71,10,39.0,
72,10,39.0,
73,10,39.0,
74,10,39.0,
75,10,39.0,
76,10,39.0,
77,10,40.0,
78,10,40.0,
79,10,41.0,
80,10,41.0,
81,10,41.0,
82,10,41.0,
83,10,41.0,
84,10,41.0,
85,10,41.0,
86,10,41.0,
87,10,41.0,
88,10,41.0,
89,10,41.0,
90,10,41.0,
91,10,41.0,
92,10,41.0,
93,10,41.0,
94,10,39.0,
95,10,41.0,
96,10,41.0,
97,10,41.0,
98,10,39.0,
99,10,42.0,
100,10,42.0,
101,10,42.0,
102,10,42.0,
103,10,42.0,
104,10,42.0,
0,11,38.0,
1,11,38.0,
2,11,38.0,
3,11,38.0,
4,11,38.0,
5,11,38.0,
6,11,38.0,
7,11,38.0,
8,11,38.0,
9,11,38.0,
10,11,38.0,
11,11,38.0,
12,11,38.0,
13,11,38.0,
14,11,38.0,
15,11,38.0,
16,11,38.0,
17,11,38.0,
18,11,38.0,
19,11,38.0,
20,11,38.0,
21,11,38.0,
22,11,38.0,
23,11,38.0,
24,11,38.0,
25,11,38.0,
26,11,38.0,
27,11,38.0,
28,11,38.0,
29,11,38.0,
30,11,38.0,
31,11,38.0,
32,11,38.0,
33,11,38.0,
34,11,38.0,
35,11,38.0,
36,11,38.0,
37,11,38.0,
38,11,38.0,
39,11,38.0,
40,11,38.0,
41,11,38.0,
42,11,38.0,
43,11,38.0,
44,11,38.0,
45,11,38.0,
46,11,38.0,
47,11,38.0,
48,11,38.0,
49,11,38.0,
50,11,38.0,
51,11,38.0,
52,11,38.0,
53,11,38.0,
54,11,38.0,
55,11,39.0,
56,11,39.0,
57,11,39.0,
58,11,39.0,
59,11,39.0,
60,11,39.0,
61,11,39.0,
62,11,39.0,
63,11,39.0,
64,11,39.0,
65,11,39.0,
66,11,39.0,
67,11,39.0,
68,11,39.0,
69,11,39.0,
70,11,39.0,
71,11,39.0,
72,11,39.0,
73,11,39.0,
74,11,39.0,
75,11,39.0,
76,11,41.0,
77,11,41.0,
78,11,41.0,
79,11,41.0,
80,11,41.0,
81,11,41.0,
82,11,41.0,
83,11,41.0,
84,11,41.0,
85,11,41.0,
86,11,41.0,
87,11,41.0,
88,11,41.0,
89,11,41.0,
90,11,41.0,
91,11,41.0,
92,11,41.0,
93,11,41.0,
94,11,39.0,
95,11,39.0,
96,11,41.0,
97,11,41.0,
98,11,42.0,
99,11,42.0,
100,11,42.0,
101,11,42.0,
102,11,42.0,
103,11,42.0,
104,11,42.0,
0,12,38.0,
1,12,38.0,
2,12,38.0,
3,12,38.0,
4,12,38.0,
5,12,38.0,
6,12,38.0,
7,12,38.0,
8,12,38.0,
9,12,38.0,
10,12,38.0,
11,12,38.0,
12,12,38.0,
13,12,38.0,
14,12,38.0,
15,12,38.0,
16,12,38.0,
17,12,38.0,
18,12,38.0,
19,12,38.0,
20,12,38.0,
21,12,38.0,
22,12,38.0,
23,12,38.0,
24,12,38.0,
25,12,38.0,
26,12,38.0,
27,12,38.0,
28,12,38.0,
29,12,38.0,
30,12,38.0,
31,12,38.0,
32,12,38.0,
33,12,38.0,
34,12,38.0,
35,12,38.0,
36,12,38.0,
37,12,38.0,
38,12,38.0,
39,12,38.0,
40,12,38.0,
41,12,38.0,
42,12,38.0,
43,12,38.0,
44,12,38.0,
45,12,38.0,
46,12,38.0,
47,12,38.0,
48,12,38.0,
49,12,38.0,
50,12,38.0,
51,12,38.0,
52,12,38.0,
53,12,38.0,
54,12,38.0,
55,12,39.0,
56,12,39.0,
57,12,39.0,
58,12,39.0,
59,12,39.0,
60,12,39.0,
61,12,39.0,
62,12,39.0,
63,12,39.0,
64,12,39.0,
65,12,39.0,
66,12,39.0,
67,12,39.0,
68,12,39.0,
69,12,39.0,
70,12,39.0,
71,12,39.0,
72,12,39.0,
73,12,39.0,
74,12,39.0,
75,12,39.0,
76,12,41.0,
77,12,41.0,
78,12,41.0,
79,12,41.0,
80,12,41.0,
81,12,41.0,
82,12,41.0,
83,12,41.0,
84,12,41.0,
85,12,41.0,
86,12,41.0,
87,12,41.0,
88,12,41.0,
89,12,41.0,
90,12,41.0,
91,12,41.0,
92,12,41.0,
93,12,41.0,
94,12,39.0,
95,12,39.0,
96,12,41.0,
97,12,42.0,
98,12,42.0,
99,12,42.0,
100,12,42.0,
101,12,42.0,
102,12,42.0,
103,12,42.0,
104,12,42.0,
0,13,38.0,
1,13,38.0,
2,13,38.0,
3,13,38.0,
4,13,38.0,
5,13,38.0,
6,13,38.0,
7,13,38.0,
8,13,38.0,
9,13,38.0,
10,13,38.0,
11,13,38.0,
12,13,38.0,
13,13,38.0,
14,13,38.0,
15,13,38.0,
16,13,38.0,
17,13,38.0,
18,13,38.0,
19,13,38.0,
20,13,38.0,
21,13,38.0,
22,13,38.0,
23,13,38.0,
24,13,38.0,
25,13,38.0,
26,13,38.0,
27,13,38.0,
28,13,38.0,
29,13,38.0,
30,13,38.0,
31,13,38.0,
32,13,38.0,
33,13,38.0,
34,13,38.0,
35,13,38.0,
36,13,38.0,
37,13,38.0,
38,13,38.0,
39,13,38.0,
40,13,38.0,
41,13,38.0,
42,13,38.0,
43,13,38.0,
44,13,38.0,
45,13,38.0,
46,13,38.0,
47,13,38.0,
48,13,38.0,
49,13,38.0,
50,13,38.0,
51,13,38.0,
52,13,38.0,
53,13,38.0,
54,13,38.0,
55,13,38.0,
56,13,39.0,
57,13,39.0,
58,13,39.0,
59,13,39.0,
60,13,39.0,
61,13,39.0,
62,13,39.0,
63,13,39.0,
64,13,39.0,
65,13,39.0,
66,13,39.0,
67,13,39.0,
68,13,39.0,
69,13,39.0,
70,13,39.0,
71,13,39.0,
72,13,39.0,
73,13,39.0,
74,13,39.0,
75,13,39.0,
76,13,41.0,
77,13,41.0,
78,13,41.0,
79,13,41.0,
80,13,41.0,
81,13,41.0,
82,13,41.0,
83,13,41.0,
84,13,41.0,
85,13,41.0,
86,13,41.0,
87,13,41.0,
88,13,41.0,
89,13,41.0,
90,13,41.0,
91,13,41.0,
92,13,41.0,
93,13,41.0,
94,13,42.0,
95,13,42.0,
96,13,42.0,
97,13,42.0,
98,13,42.0,
99,13,42.0,
100,13,42.0,
101,13,42.0,
102,13,42.0,
103,13,42.0,
104,13,42.0,
0,14,38.0,
1,14,38.0,
2,14,38.0,
3,14,38.0,
4,14,38.0,
5,14,38.0,
6,14,38.0,
7,14,38.0,
8,14,38.0,
9,14,38.0,
10,14,38.0,
11,14,38.0,
12,14,38.0,
13,14,38.0,
14,14,38.0,
15,14,38.0,
16,14,38.0,
17,14,38.0,
18,14,38.0,
19,14,38.0,
20,14,38.0,
21,14,38.0,
22,14,38.0,
23,14,38.0,
24,14,38.0,
25,14,38.0,
26,14,38.0,
27,14,38.0,
28,14,38.0,
29,14,38.0,
30,14,38.0,
31,14,38.0,
32,14,38.0,
33,14,38.0,
34,14,38.0,
35,14,38.0,
36,14,38.0,
37,14,38.0,
38,14,38.0,
39,14,38.0,
40,14,38.0,
41,14,38.0,
42,14,38.0,
43,14,38.0,
44,14,38.0,
45,14,38.0,
46,14,38.0,
47,14,38.0,
48,14,38.0,
49,14,38.0,
50,14,38.0,
51,14,38.0,
52,14,38.0,
53,14,38.0,
54,14,38.0,
55,14,38.0,
56,14,39.0,
57,14,39.0,
58,14,39.0,
59,14,39.0,
60,14,39.0,
61,14,39.0,
62,14,39.0,
63,14,39.0,
64,14,39.0,
65,14,39.0,
66,14,39.0,
67,14,39.0,
68,14,39.0,
69,14,39.0,
70,14,39.0,
71,14,39.0,
72,14,39.0,
73,14,39.0,
74,14,39.0,
75,14,41.0,
76,14,41.0,
77,14,41.0,
78,14,41.0,
79,14,41.0,
80,14,41.0,
81,14,41.0,
82,14,41.0,
83,14,41.0,
84,14,41.0,
85,14,41.0,
86,14,41.0,
87,14,41.0,
88,14,41.0,
89,14,41.0,
90,14,41.0,
91,14,41.0,
92,14,41.0,
93,14,41.0,
94,14,42.0,
95,14,42.0,
96,14,42.0,
97,14,42.0,
98,14,42.0,
99,14,42.0,
100,14,42.0,
101,14,42.0,
102,14,42.0,
103,14,42.0,
104,14,42.0,
0,15,38.0,
1,15,38.0,
2,15,38.0,
3,15,38.0,
4,15,38.0,
5,15,38.0,
6,15,38.0,
7,15,38.0,
8,15,38.0,
9,15,38.0,
10,15,38.0,
11,15,38.0,
12,15,38.0,
13,15,38.0,
14,15,38.0,
15,15,38.0,
16,15,38.0,
17,15,38.0,
18,15,38.0,
19,15,38.0,
20,15,38.0,
21,15,38.0,
22,15,38.0,
23,15,38.0,
24,15,38.0,
25,15,38.0,
26,15,38.0,
27,15,38.0,
28,15,38.0,
29,15,38.0,
30,15,38.0,
31,15,38.0,
32,15,38.0,
33,15,38.0,
34,15,38.0,
35,15,38.0,
36,15,38.0,
37,15,38.0,
38,15,38.0,
39,15,38.0,
40,15,38.0,
41,15,38.0,
42,15,38.0,
43,15,38.0,
44,15,38.0,
45,15,38.0,
46,15,38.0,
47,15,38.0,
48,15,38.0,
49,15,38.0,
50,15,38.0,
51,15,38.0,
52,15,38.0,
53,15,38.0,
54,15,38.0,
55,15,38.0,
56,15,38.0,
57,15,38.0,
58,15,39.0,
59,15,39.0,
60,15,39.0,
61,15,39.0,
62,15,39.0,
63,15,39.0,
64,15,39.0,
65,15,39.0,
66,15,39.0,
67,15,39.0,
68,15,39.0,
69,15,39.0,
70,15,39.0,
71,15,39.0,
72,15,39.0,
73,15,39.0,
74,15,41.0,
75,15,41.0,
76,15,41.0,
77,15,41.0,
78,15,41.0,
79,15,41.0,
80,15,41.0,
81,15,41.0,
82,15,41.0,
83,15,41.0,
84,15,41.0,
85,15,41.0,
86,15,41.0,
87,15,41.0,
88,15,41.0,
89,15,41.0,
90,15,41.0,
91,15,41.0,
92,15,41.0,
93,15,41.0,
94,15,42.0,
95,15,42.0,
96,15,42.0,
97,15,42.0,
98,15,42.0,
99,15,42.0,
100,15,42.0,
101,15,42.0,
102,15,42.0,
103,15,42.0,
104,15,42.0,
0,16,38.0,
1,16,38.0,
2,16,38.0,
3,16,38.0,
4,16,38.0,
5,16,38.0,
6,16,38.0,
7,16,38.0,
8,16,38.0,
9,16,38.0,
10,16,38.0,
11,16,38.0,
12,16,38.0,
13,16,38.0,
14,16,38.0,
15,16,38.0,
16,16,38.0,
17,16,38.0,
18,16,38.0,
19,16,38.0,
20,16,38.0,
21,16,38.0,
22,16,38.0,
23,16,38.0,
24,16,38.0,
25,16,38.0,
26,16,38.0,
27,16,38.0,
28,16,38.0,
29,16,38.0,
30,16,38.0,
31,16,38.0,
32,16,38.0,
33,16,38.0,
34,16,38.0,
35,16,38.0,
36,16,38.0,
37,16,38.0,
38,16,38.0,
39,16,38.0,
40,16,38.0,
41,16,38.0,
42,16,38.0,
43,16,38.0,
44,16,38.0,
45,16,38.0,
46,16,38.0,
47,16,38.0,
48,16,38.0,
49,16,38.0,
50,16,38.0,
51,16,38.0,
52,16,38.0,
53,16,38.0,
54,16,38.0,
55,16,38.0,
56,16,38.0,
57,16,38.0,
58,16,38.0,
59,16,39.0,
60,16,39.0,
61,16,38.0,
62,16,39.0,
63,16,39.0,
64,16,41.0,
65,16,41.0,
66,16,39.0,
67,16,39.0,
68,16,39.0,
69,16,39.0,
70,16,39.0,
71,16,39.0,
72,16,39.0,
73,16,39.0,
74,16,41.0,
75,16,41.0,
76,16,41.0,
77,16,41.0,
78,16,41.0,
79,16,41.0,
80,16,41.0,
81,16,41.0,
82,16,41.0,
83,16,41.0,
84,16,41.0,
85,16,41.0,
86,16,41.0,
87,16,41.0,
88,16,41.0,
89,16,41.0,
90,16,41.0,
91,16,41.0,
92,16,41.0,
93,16,41.0,
94,16,41.0,
95,16,42.0,
96,16,42.0,
97,16,42.0,
98,16,42.0,
99,16,42.0,
100,16,42.0,
101,16,42.0,
102,16,42.0,
103,16,42.0,
104,16,42.0,
0,17,38.0,
1,17,38.0,
2,17,38.0,
3,17,38.0,
4,17,38.0,
5,17,38.0,
6,17,38.0,
7,17,38.0,
8,17,38.0,
9,17,38.0,
10,17,38.0,
11,17,38.0,
12,17,38.0,
13,17,38.0,
14,17,38.0,
15,17,38.0,
16,17,38.0,
17,17,38.0,
18,17,38.0,
19,17,38.0,
20,17,38.0,
21,17,38.0,
22,17,38.0,
23,17,38.0,
24,17,38.0,
25,17,38.0,
26,17,38.0,
27,17,38.0,
28,17,38.0,
29,17,38.0,
30,17,38.0,
31,17,38.0,
32,17,38.0,
33,17,38.0,
34,17,38.0,
35,17,38.0,
36,17,38.0,
37,17,38.0,
38,17,38.0,
39,17,38.0,
40,17,38.0,
41,17,38.0,
42,17,38.0,
43,17,38.0,
44,17,38.0,
45,17,38.0,
46,17,38.0,
47,17,38.0,
48,17,38.0,
49,17,38.0,
50,17,38.0,
51,17,38.0,
52,17,38.0,
53,17,38.0,
54,17,38.0,
55,17,38.0,
56,17,38.0,
57,17,38.0,
58,17,38.0,
59,17,38.0,
60,17,38.0,
61,17,38.0,
62,17,38.0,
63,17,41.0,
64,17,41.0,
65,17,41.0,
66,17,41.0,
67,17,41.0,
68,17,41.0,
69,17,41.0,
70,17,39.0,
71,17,39.0,
72,17,39.0,
73,17,41.0,
74,17,41.0,
75,17,41.0,
76,17,41.0,
77,17,41.0,
78,17,41.0,
79,17,41.0,
80,17,41.0,
81,17,41.0,
82,17,41.0,
83,17,41.0,
84,17,41.0,
85,17,41.0,
86,17,41.0,
87,17,41.0,
88,17,41.0,
89,17,41.0,
90,17,41.0,
91,17,41.0,
92,17,41.0,
93,17,41.0,
94,17,41.0,
95,17,42.0,
96,17,42.0,
97,17,42.0,
98,17,42.0,
99,17,42.0,
100,17,42.0,
101,17,42.0,
102,17,42.0,
103,17,42.0,
104,17,42.0,
0,18,38.0,
1,18,38.0,
2,18,38.0,
3,18,38.0,
4,18,38.0,
5,18,38.0,
6,18,38.0,
7,18,38.0,
8,18,38.0,
9,18,38.0,
10,18,38.0,
11,18,38.0,
12,18,38.0,
13,18,38.0,
14,18,38.0,
15,18,38.0,
16,18,38.0,
17,18,38.0,
18,18,38.0,
19,18,38.0,
20,18,38.0,
21,18,38.0,
22,18,38.0,
23,18,38.0,
24,18,38.0,
25,18,38.0,
26,18,38.0,
27,18,38.0,
28,18,38.0,
29,18,38.0,
30,18,38.0,
31,18,38.0,
32,18,38.0,
33,18,38.0,
34,18,38.0,
35,18,38.0,
36,18,38.0,
37,18,38.0,
38,18,38.0,
39,18,38.0,
40,18,38.0,
41,18,38.0,
42,18,38.0,
43,18,38.0,
44,18,38.0,
45,18,38.0,
46,18,38.0,
47,18,38.0,
48,18,38.0,
49,18,38.0,
50,18,38.0,
51,18,38.0,
52,18,38.0,
53,18,38.0,
54,18,38.0,
55,18,38.0,
56,18,38.0,
57,18,38.0,
58,18,38.0,
59,18,38.0,
60,18,38.0,
61,18,38.0,
62,18,38.0,
63,18,41.0,
64,18,41.0,
65,18,41.0,
66,18,41.0,
67,18,41.0,
68,18,41.0,
69,18,41.0,
70,18,41.0,
71,18,41.0,
72,18,41.0,
73,18,41.0,
74,18,41.0,
75,18,41.0,
76,18,41.0,
77,18,41.0,
78,18,41.0,
79,18,41.0,
80,18,41.0,
81,18,41.0,
82,18,41.0,
83,18,41.0,
84,18,41.0,
85,18,41.0,
86,18,41.0,
87,18,41.0,
88,18,41.0,
89,18,41.0,
90,18,41.0,
91,18,41.0,
92,18,41.0,
93,18,41.0,
94,18,41.0,
95,18,42.0,
96,18,42.0,
97,18,42.0,
98,18,42.0,
99,18,42.0,
100,18,42.0,
101,18,42.0,
102,18,42.0,
103,18,42.0,
104,18,42.0,
0,19,38.0,
1,19,38.0,
2,19,38.0,
3,19,38.0,
4,19,38.0,
5,19,38.0,
6,19,38.0,
7,19,38.0,
8,19,38.0,
9,19,38.0,
10,19,38.0,
11,19,38.0,
12,19,38.0,
13,19,38.0,
14,19,38.0,
15,19,38.0,
16,19,38.0,
17,19,38.0,
18,19,38.0,
19,19,38.0,
20,19,38.0,
21,19,38.0,
22,19,38.0,
23,19,38.0,
24,19,38.0,
25,19,38.0,
26,19,38.0,
27,19,38.0,
28,19,38.0,
29,19,38.0,
30,19,38.0,
31,19,38.0,
32,19,38.0,
33,19,38.0,
34,19,38.0,
35,19,38.0,
36,19,38.0,
37,19,38.0,
38,19,38.0,
39,19,38.0,
40,19,38.0,
41,19,38.0,
42,19,38.0,
43,19,38.0,
44,19,38.0,
45,19,38.0,
46,19,38.0,
47,19,38.0,
48,19,38.0,
49,19,38.0,
50,19,38.0,
51,19,38.0,
52,19,38.0,
53,19,38.0,
54,19,38.0,
55,19,38.0,
56,19,38.0,
57,19,38.0,
58,19,38.0,
59,19,38.0,
60,19,38.0,
61,19,38.0,
62,19,38.0,
63,19,41.0,
64,19,41.0,
65,19,41.0,
66,19,41.0,
67,19,41.0,
68,19,41.0,
69,19,41.0,
70,19,41.0,
71,19,41.0,
72,19,41.0,
73,19,41.0,
74,19,41.0,
75,19,41.0,
76,19,41.0,
77,19,41.0,
78,19,41.0,
79,19,41.0,
80,19,41.0,
81,19,41.0,
82,19,41.0,
83,19,41.0,
84,19,41.0,
85,19,41.0,
86,19,41.0,
87,19,41.0,
88,19,41.0,
89,19,41.0,
90,19,41.0,
91,19,41.0,
92,19,41.0,
93,19,41.0,
94,19,41.0,
95,19,42.0,
96,19,42.0,
97,19,42.0,
98,19,42.0,
99,19,42.0,
100,19,42.0,
101,19,42.0,
102,19,42.0,
103,19,42.0,
104,19,42.0,
0,20,38.0,
1,20,38.0,
2,20,38.0,
3,20,38.0,
4,20,38.0,
5,20,38.0,
6,20,38.0,
7,20,38.0,
8,20,38.0,
9,20,38.0,
10,20,38.0,
11,20,38.0,
12,20,38.0,
13,20,38.0,
14,20,38.0,
15,20,38.0,
16,20,38.0,
17,20,38.0,
18,20,38.0,
19,20,38.0,
20,20,38.0,
21,20,38.0,
22,20,38.0,
23,20,38.0,
24,20,38.0,
25,20,38.0,
26,20,38.0,
27,20,38.0,
28,20,38.0,
29,20,38.0,
30,20,38.0,
31,20,38.0,
32,20,38.0,
33,20,38.0,
34,20,38.0,
35,20,38.0,
36,20,38.0,
37,20,38.0,
38,20,38.0,
39,20,38.0,
40,20,38.0,
41,20,38.0,
42,20,38.0,
43,20,38.0,
44,20,38.0,
45,20,38.0,
46,20,38.0,
47,20,38.0,
48,20,38.0,
49,20,38.0,
50,20,38.0,
51,20,38.0,
52,20,38.0,
53,20,38.0,
54,20,38.0,
55,20,38.0,
56,20,38.0,
57,20,38.0,
58,20,38.0,
59,20,38.0,
60,20,38.0,
61,20,38.0,
62,20,38.0,
63,20,41.0,
64,20,41.0,
65,20,41.0,
66,20,41.0,
67,20,41.0,
68,20,41.0,
69,20,41.0,
70,20,41.0,
71,20,41.0,
72,20,41.0,
73,20,41.0,
74,20,41.0,
75,20,41.0,
76,20,41.0,
77,20,41.0,
78,20,41.0,
79,20,41.0,
80,20,41.0,
81,20,41.0,
82,20,41.0,
83,20,41.0,
84,20,41.0,
85,20,41.0,
86,20,41.0,
87,20,41.0,
88,20,41.0,
89,20,41.0,
90,20,41.0,
91,20,41.0,
92,20,41.0,
93,20,41.0,
94,20,41.0,
95,20,41.0,
96,20,42.0,
97,20,42.0,
98,20,42.0,
99,20,42.0,
100,20,42.0,
101,20,42.0,
102,20,42.0,
103,20,42.0,
104,20,42.0,
0,21,38.0,
1,21,38.0,
2,21,38.0,
3,21,38.0,
4,21,38.0,
5,21,38.0,
6,21,38.0,
7,21,38.0,
8,21,38.0,
9,21,38.0,
10,21,38.0,
11,21,38.0,
12,21,38.0,
13,21,38.0,
14,21,38.0,
15,21,38.0,
16,21,38.0,
17,21,38.0,
18,21,38.0,
19,21,38.0,
20,21,38.0,
21,21,38.0,
22,21,38.0,
23,21,38.0,
24,21,38.0,
25,21,38.0,
26,21,38.0,
27,21,38.0,
28,21,38.0,
29,21,38.0,
30,21,38.0,
31,21,38.0,
32,21,38.0,
33,21,38.0,
34,21,38.0,
35,21,38.0,
36,21,38.0,
37,21,38.0,
38,21,38.0,
39,21,38.0,
40,21,38.0,
41,21,38.0,
42,21,38.0,
43,21,38.0,
44,21,38.0,
45,21,38.0,
46,21,38.0,
47,21,38.0,
48,21,38.0,
49,21,38.0,
50,21,38.0,
51,21,38.0,
52,21,38.0,
53,21,38.0,
54,21,38.0,
55,21,38.0,
56,21,38.0,
57,21,38.0,
58,21,38.0,
59,21,38.0,
60,21,38.0,
61,21,38.0,
62,21,41.0,
63,21,41.0,
64,21,41.0,
65,21,41.0,
66,21,41.0,
67,21,41.0,
68,21,41.0,
69,21,41.0,
70,21,41.0,
71,21,41.0,
72,21,41.0,
73,21,41.0,
74,21,41.0,
75,21,41.0,
76,21,41.0,
77,21,41.0,
78,21,41.0,
79,21,41.0,
80,21,41.0,
81,21,41.0,
82,21,41.0,
83,21,41.0,
84,21,41.0,
85,21,41.0,
86,21,41.0,
87,21,41.0,
88,21,41.0,
89,21,41.0,
90,21,41.0,
91,21,41.0,
92,21,41.0,
93,21,41.0,
94,21,41.0,
95,21,41.0,
96,21,42.0,
97,21,42.0,
98,21,42.0,
99,21,42.0,
100,21,42.0,
101,21,42.0,
102,21,42.0,
103,21,42.0,
104,21,42.0,
0,22,38.0,
1,22,38.0,
2,22,38.0,
3,22,38.0,
4,22,38.0,
5,22,38.0,
6,22,38.0,
7,22,38.0,
8,22,38.0,
9,22,38.0,
10,22,38.0,
11,22,38.0,
12,22,38.0,
13,22,38.0,
14,22,38.0,
15,22,38.0,
16,22,38.0,
17,22,38.0,
18,22,38.0,
19,22,38.0,
20,22,38.0,
21,22,38.0,
22,22,38.0,
23,22,38.0,
24,22,38.0,
25,22,38.0,
26,22,38.0,
27,22,38.0,
28,22,38.0,
29,22,38.0,
30,22,38.0,
31,22,38.0,
32,22,38.0,
33,22,38.0,
34,22,38.0,
35,22,38.0,
36,22,38.0,
37,22,38.0,
38,22,38.0,
39,22,38.0,
40,22,38.0,
41,22,38.0,
42,22,38.0,
43,22,38.0,
44,22,38.0,
45,22,38.0,
46,22,38.0,
47,22,38.0,
48,22,38.0,
49,22,38.0,
50,22,38.0,
51,22,38.0,
52,22,38.0,
53,22,38.0,
54,22,38.0,
55,22,38.0,
56,22,38.0,
57,22,38.0,
58,22,38.0,
59,22,38.0,
60,22,38.0,
61,22,41.0,
62,22,41.0,
63,22,41.0,
64,22,41.0,
65,22,41.0,
66,22,41.0,
67,22,41.0,
68,22,41.0,
69,22,41.0,
70,22,41.0,
71,22,41.0,
72,22,41.0,
73,22,41.0,
74,22,41.0,
75,22,41.0,
76,22,41.0,
77,22,41.0,
78,22,41.0,
79,22,41.0,
80,22,41.0,
81,22,41.0,
82,22,41.0,
83,22,41.0,
84,22,41.0,
85,22,41.0,
86,22,41.0,
87,22,41.0,
88,22,41.0,
89,22,41.0,
90,22,41.0,
91,22,41.0,
92,22,41.0,
93,22,41.0,
94,22,41.0,
95,22,41.0,
96,22,42.0,
97,22,42.0,
98,22,42.0,
99,22,42.0,
100,22,42.0,
101,22,42.0,
102,22,42.0,
103,22,42.0,
104,22,42.0,
0,23,38.0,
1,23,38.0,
2,23,38.0,
3,23,38.0,
4,23,38.0,
5,23,38.0,
6,23,38.0,
7,23,38.0,
8,23,38.0,
9,23,38.0,
10,23,38.0,
11,23,38.0,
12,23,38.0,
13,23,38.0,
14,23,38.0,
15,23,38.0,
16,23,38.0,
17,23,38.0,
18,23,38.0,
19,23,38.0,
20,23,38.0,
21,23,38.0,
22,23,38.0,
23,23,38.0,
24,23,38.0,
25,23,38.0,
26,23,38.0,
27,23,38.0,
28,23,38.0,
29,23,38.0,
30,23,38.0,
31,23,38.0,
32,23,38.0,
33,23,38.0,
34,23,38.0,
35,23,38.0,
36,23,38.0,
37,23,38.0,
38,23,38.0,
39,23,38.0,
40,23,38.0,
41,23,38.0,
42,23,38.0,
43,23,38.0,
44,23,38.0,
45,23,38.0,
46,23,38.0,
47,23,38.0,
48,23,38.0,
49,23,38.0,
50,23,38.0,
51,23,38.0,
52,23,38.0,
53,23,38.0,
54,23,38.0,
55,23,38.0,
56,23,38.0,
57,23,38.0,
58,23,38.0,
59,23,38.0,
60,23,41.0,
61,23,41.0,
62,23,41.0,
63,23,41.0,
64,23,41.0,
65,23,41.0,
66,23,41.0,
67,23,41.0,
68,23,41.0,
69,23,41.0,
70,23,41.0,
71,23,41.0,
72,23,41.0,
73,23,41.0,
74,23,41.0,
75,23,41.0,
76,23,41.0,
77,23,41.0,
78,23,41.0,
79,23,41.0,
80,23,41.0,
81,23,41.0,
82,23,41.0,
83,23,41.0,
84,23,41.0,
85,23,41.0,
86,23,41.0,
87,23,41.0,
88,23,41.0,
89,23,41.0,
90,23,41.0,
91,23,41.0,
92,23,41.0,
93,23,41.0,
94,23,41.0,
95,23,41.0,
96,23,41.0,
97,23,42.0,
98,23,42.0,
99,23,42.0,
100,23,42.0,
101,23,42.0,
102,23,42.0,
103,23,42.0,
104,23,42.0,
0,24,38.0,
1,24,38.0,
2,24,38.0,
3,24,38.0,
4,24,38.0,
5,24,38.0,
6,24,38.0,
7,24,38.0,
8,24,38.0,
9,24,38.0,
10,24,38.0,
11,24,38.0,
12,24,38.0,
13,24,38.0,
14,24,38.0,
15,24,38.0,
16,24,38.0,
17,24,38.0,
18,24,38.0,
19,24,38.0,
20,24,38.0,
21,24,38.0,
22,24,38.0,
23,24,38.0,
24,24,38.0,
25,24,38.0,
26,24,38.0,
27,24,38.0,
28,24,38.0,
29,24,38.0,
30,24,38.0,
31,24,38.0,
32,24,38.0,
33,24,38.0,
34,24,38.0,
35,24,38.0,
36,24,38.0,
37,24,38.0,
38,24,38.0,
39,24,38.0,
40,24,38.0,
41,24,38.0,
42,24,38.0,
43,24,38.0,
44,24,38.0,
45,24,38.0,
46,24,38.0,
47,24,38.0,
48,24,38.0,
49,24,38.0,
50,24,38.0,
51,24,38.0,
52,24,38.0,
53,24,38.0,
54,24,38.0,
55,24,38.0,
56,24,38.0,
57,24,38.0,
58,24,38.0,
59,24,38.0,
60,24,41.0,
61,24,41.0,
62,24,41.0,
63,24,41.0,
64,24,41.0,
65,24,41.0,
66,24,41.0,
67,24,41.0,
68,24,41.0,
69,24,41.0,
70,24,41.0,
71,24,41.0,
72,24,41.0,
73,24,41.0,
74,24,41.0,
75,24,41.0,
76,24,41.0,
77,24,41.0,
78,24,41.0,
79,24,41.0,
80,24,41.0,
81,24,41.0,
82,24,41.0,
83,24,41.0,
84,24,41.0,
85,24,41.0,
86,24,41.0,
87,24,41.0,
88,24,41.0,
89,24,41.0,
90,24,41.0,
91,24,41.0,
92,24,41.0,
93,24,41.0,
94,24,41.0,
95,24,41.0,
96,24,41.0,
97,24,41.0,
98,24,42.0,
99,24,42.0,
100,24,42.0,
101,24,42.0,
102,24,42.0,
103,24,42.0,
104,24,42.0,
0,25,38.0,
1,25,38.0,
2,25,38.0,
3,25,38.0,
4,25,38.0,
5,25,38.0,
6,25,38.0,
7,25,38.0,
8,25,38.0,
9,25,38.0,
10,25,38.0,
11,25,38.0,
12,25,38.0,
13,25,38.0,
14,25,38.0,
15,25,38.0,
16,25,38.0,
17,25,38.0,
18,25,38.0,
19,25,38.0,
20,25,38.0,
21,25,38.0,
22,25,38.0,
23,25,38.0,
24,25,38.0,
25,25,38.0,
26,25,38.0,
27,25,38.0,
28,25,38.0,
29,25,38.0,
30,25,38.0,
31,25,38.0,
32,25,38.0,
33,25,38.0,
34,25,38.0,
35,25,38.0,
36,25,38.0,
37,25,38.0,
38,25,38.0,
39,25,38.0,
40,25,38.0,
41,25,38.0,
42,25,38.0,
43,25,38.0,
44,25,38.0,
45,25,38.0,
46,25,38.0,
47,25,38.0,
48,25,38.0,
49,25,38.0,
50,25,38.0,
51,25,38.0,
52,25,38.0,
53,25,38.0,
54,25,38.0,
55,25,38.0,
56,25,38.0,
57,25,38.0,
58,25,38.0,
59,25,41.0,
60,25,41.0,
61,25,41.0,
62,25,41.0,
63,25,41.0,
64,25,41.0,
65,25,41.0,
66,25,41.0,
67,25,41.0,
68,25,41.0,
69,25,41.0,
70,25,41.0,
71,25,41.0,
72,25,41.0,
73,25,41.0,
74,25,41.0,
75,25,41.0,
76,25,41.0,
77,25,41.0,
78,25,41.0,
79,25,41.0,
80,25,41.0,
81,25,41.0,
82,25,41.0,
83,25,41.0,
84,25,41.0,
85,25,41.0,
86,25,41.0,
87,25,41.0,
88,25,41.0,
89,25,41.0,
90,25,41.0,
91,25,41.0,
92,25,41.0,
93,25,41.0,
94,25,41.0,
95,25,41.0,
96,25,41.0,
97,25,41.0,
98,25,41.0,
99,25,42.0,
100,25,42.0,
101,25,42.0,
102,25,42.0,
103,25,42.0,
104,25,42.0,
0,26,38.0,
1,26,38.0,
2,26,38.0,
3,26,38.0,
4,26,38.0,
5,26,38.0,
6,26,38.0,
7,26,38.0,
8,26,38.0,
9,26,38.0,
10,26,38.0,
11,26,38.0,
12,26,38.0,
13,26,38.0,
14,26,38.0,
15,26,38.0,
16,26,38.0,
17,26,38.0,
18,26,38.0,
19,26,38.0,
20,26,38.0,
21,26,38.0,
22,26,38.0,
23,26,38.0,
24,26,38.0,
25,26,38.0,
26,26,38.0,
27,26,38.0,
28,26,38.0,
29,26,38.0,
30,26,38.0,
31,26,38.0,
32,26,38.0,
33,26,38.0,
34,26,38.0,
35,26,38.0,
36,26,38.0,
37,26,38.0,
38,26,38.0,
39,26,38.0,
40,26,38.0,
41,26,38.0,
42,26,38.0,
43,26,38.0,
44,26,38.0,
45,26,38.0,
46,26,38.0,
47,26,38.0,
48,26,38.0,
49,26,38.0,
50,26,38.0,
51,26,38.0,
52,26,38.0,
53,26,38.0,
54,26,38.0,
55,26,38.0,
56,26,38.0,
57,26,38.0,
58,26,38.0,
59,26,41.0,
60,26,41.0,
61,26,41.0,
62,26,41.0,
63,26,41.0,
64,26,41.0,
65,26,41.0,
66,26,41.0,
67,26,41.0,
68,26,41.0,
69,26,41.0,
70,26,41.0,
71,26,41.0,
72,26,41.0,
73,26,41.0,
74,26,41.0,
75,26,41.0,
76,26,41.0,
77,26,41.0,
78,26,41.0,
79,26,41.0,
80,26,41.0,
81,26,41.0,
82,26,41.0,
83,26,41.0,
84,26,41.0,
85,26,41.0,
86,26,41.0,
87,26,41.0,
88,26,41.0,
89,26,41.0,
90,26,41.0,
91,26,41.0,
92,26,41.0,
93,26,41.0,
94,26,41.0,
95,26,41.0,
96,26,41.0,
97,26,41.0,
98,26,41.0,
99,26,41.0,
100,26,42.0,
101,26,42.0,
102,26,42.0,
103,26,42.0,
104,26,42.0,
