,x,y,pci,zone
218,0.0,0.0,39.0,3.0
219,1.0,0.0,39.0,3.0
220,2.0,0.0,39.0,3.0
221,3.0,0.0,39.0,3.0
222,4.0,0.0,39.0,3.0
223,5.0,0.0,39.0,3.0
224,6.0,0.0,39.0,3.0
225,7.0,0.0,39.0,3.0
226,8.0,0.0,39.0,3.0
227,9.0,0.0,39.0,3.0
228,10.0,0.0,39.0,3.0
229,11.0,0.0,37.0,3.0
230,12.0,0.0,37.0,6.0
231,13.0,0.0,37.0,6.0
232,14.0,0.0,37.0,6.0
233,15.0,0.0,37.0,6.0
234,16.0,0.0,37.0,6.0
235,17.0,0.0,37.0,6.0
236,18.0,0.0,37.0,6.0
237,19.0,0.0,37.0,6.0
238,20.0,0.0,37.0,1.0
239,21.0,0.0,37.0,1.0
240,22.0,0.0,37.0,4.0
241,23.0,0.0,37.0,4.0
242,24.0,0.0,37.0,4.0
243,25.0,0.0,37.0,1.0
244,26.0,0.0,37.0,1.0
245,27.0,0.0,37.0,1.0
246,28.0,0.0,37.0,1.0
247,29.0,0.0,37.0,6.0
248,30.0,0.0,37.0,6.0
249,31.0,0.0,37.0,6.0
250,32.0,0.0,37.0,6.0
251,33.0,0.0,37.0,6.0
252,34.0,0.0,37.0,2.0
253,35.0,0.0,39.0,2.0
254,36.0,0.0,39.0,2.0
255,37.0,0.0,39.0,2.0
256,38.0,0.0,39.0,2.0
257,39.0,0.0,39.0,2.0
258,40.0,0.0,39.0,2.0
259,41.0,0.0,39.0,2.0
260,42.0,0.0,39.0,2.0
261,43.0,0.0,39.0,2.0
262,44.0,0.0,39.0,2.0
263,45.0,0.0,39.0,2.0
264,46.0,0.0,39.0,2.0
265,47.0,0.0,39.0,2.0
266,48.0,0.0,39.0,2.0
267,49.0,0.0,39.0,2.0
268,50.0,0.0,39.0,2.0
269,51.0,0.0,39.0,2.0
270,52.0,0.0,39.0,2.0
271,53.0,0.0,39.0,2.0
272,54.0,0.0,39.0,2.0
273,55.0,0.0,39.0,2.0
274,56.0,0.0,39.0,2.0
275,57.0,0.0,39.0,2.0
276,58.0,0.0,39.0,2.0
277,59.0,0.0,39.0,2.0
278,60.0,0.0,39.0,6.0
279,61.0,0.0,39.0,6.0
280,62.0,0.0,39.0,6.0
281,63.0,0.0,39.0,6.0
282,64.0,0.0,39.0,6.0
283,65.0,0.0,39.0,6.0
284,66.0,0.0,39.0,1.0
285,67.0,0.0,39.0,1.0
286,68.0,0.0,39.0,1.0
287,69.0,0.0,39.0,1.0
288,70.0,0.0,39.0,1.0
289,71.0,0.0,40.0,1.0
290,72.0,0.0,40.0,1.0
291,73.0,0.0,40.0,1.0
292,74.0,0.0,40.0,1.0
293,75.0,0.0,40.0,1.0
294,76.0,0.0,40.0,1.0
295,77.0,0.0,40.0,1.0
296,78.0,0.0,40.0,1.0
297,79.0,0.0,40.0,1.0
298,80.0,0.0,40.0,1.0
299,81.0,0.0,41.0,1.0
300,82.0,0.0,41.0,6.0
301,83.0,0.0,41.0,6.0
302,84.0,0.0,41.0,1.0
303,85.0,0.0,41.0,2.0
304,86.0,0.0,41.0,2.0
305,87.0,0.0,41.0,2.0
306,88.0,0.0,41.0,2.0
307,89.0,0.0,41.0,2.0
308,90.0,0.0,41.0,2.0
309,91.0,0.0,41.0,2.0
310,92.0,0.0,41.0,2.0
311,93.0,0.0,41.0,6.0
312,94.0,0.0,41.0,6.0
313,95.0,0.0,41.0,6.0
314,96.0,0.0,41.0,6.0
315,97.0,0.0,41.0,6.0
316,98.0,0.0,41.0,6.0
317,99.0,0.0,41.0,6.0
318,100.0,0.0,41.0,6.0
319,101.0,0.0,39.0,6.0
320,102.0,0.0,41.0,6.0
321,103.0,0.0,41.0,6.0
322,104.0,0.0,39.0,6.0
323,0.0,1.0,39.0,3.0
324,1.0,1.0,39.0,3.0
325,2.0,1.0,39.0,3.0
326,3.0,1.0,39.0,3.0
327,4.0,1.0,39.0,3.0
328,5.0,1.0,39.0,3.0
329,6.0,1.0,39.0,3.0
330,7.0,1.0,39.0,3.0
331,8.0,1.0,39.0,3.0
332,9.0,1.0,39.0,3.0
333,10.0,1.0,39.0,3.0
334,11.0,1.0,37.0,3.0
335,12.0,1.0,37.0,6.0
336,13.0,1.0,37.0,6.0
337,14.0,1.0,37.0,6.0
338,15.0,1.0,37.0,6.0
339,16.0,1.0,37.0,6.0
340,17.0,1.0,37.0,6.0
341,18.0,1.0,37.0,6.0
342,19.0,1.0,37.0,6.0
343,20.0,1.0,37.0,1.0
344,21.0,1.0,37.0,1.0
345,22.0,1.0,37.0,4.0
346,23.0,1.0,37.0,4.0
347,24.0,1.0,37.0,4.0
348,25.0,1.0,37.0,1.0
349,26.0,1.0,37.0,1.0
350,27.0,1.0,37.0,1.0
351,28.0,1.0,37.0,1.0
352,29.0,1.0,37.0,6.0
353,30.0,1.0,37.0,6.0
354,31.0,1.0,37.0,6.0
355,32.0,1.0,37.0,6.0
356,33.0,1.0,37.0,6.0
357,34.0,1.0,37.0,2.0
358,35.0,1.0,39.0,2.0
359,36.0,1.0,39.0,2.0
360,37.0,1.0,39.0,2.0
361,38.0,1.0,39.0,2.0
362,39.0,1.0,39.0,2.0
363,40.0,1.0,39.0,2.0
364,41.0,1.0,39.0,2.0
365,42.0,1.0,39.0,2.0
366,43.0,1.0,39.0,2.0
367,44.0,1.0,39.0,2.0
368,45.0,1.0,39.0,2.0
369,46.0,1.0,39.0,2.0
370,47.0,1.0,39.0,2.0
371,48.0,1.0,39.0,2.0
372,49.0,1.0,39.0,2.0
373,50.0,1.0,39.0,2.0
374,51.0,1.0,39.0,2.0
375,52.0,1.0,39.0,2.0
376,53.0,1.0,39.0,2.0
377,54.0,1.0,39.0,2.0
378,55.0,1.0,39.0,2.0
379,56.0,1.0,39.0,2.0
63,57.0,1.0,39.0,2.0
380,58.0,1.0,39.0,2.0
381,59.0,1.0,39.0,2.0
382,60.0,1.0,39.0,6.0
73,61.0,1.0,39.0,6.0
383,62.0,1.0,39.0,6.0
80,63.0,1.0,39.0,6.0
384,64.0,1.0,39.0,6.0
385,65.0,1.0,39.0,6.0
386,66.0,1.0,39.0,1.0
387,67.0,1.0,39.0,1.0
388,68.0,1.0,39.0,1.0
389,69.0,1.0,39.0,1.0
390,70.0,1.0,39.0,1.0
391,71.0,1.0,40.0,1.0
392,72.0,1.0,40.0,1.0
393,73.0,1.0,40.0,1.0
394,74.0,1.0,40.0,1.0
395,75.0,1.0,40.0,1.0
396,76.0,1.0,40.0,1.0
397,77.0,1.0,40.0,1.0
398,78.0,1.0,40.0,1.0
399,79.0,1.0,40.0,1.0
400,80.0,1.0,40.0,1.0
401,81.0,1.0,41.0,1.0
402,82.0,1.0,41.0,6.0
403,83.0,1.0,41.0,6.0
404,84.0,1.0,41.0,1.0
405,85.0,1.0,41.0,2.0
406,86.0,1.0,41.0,2.0
407,87.0,1.0,41.0,2.0
408,88.0,1.0,41.0,2.0
409,89.0,1.0,41.0,2.0
410,90.0,1.0,41.0,2.0
411,91.0,1.0,41.0,2.0
412,92.0,1.0,41.0,6.0
413,93.0,1.0,41.0,6.0
414,94.0,1.0,41.0,6.0
415,95.0,1.0,41.0,6.0
416,96.0,1.0,41.0,6.0
417,97.0,1.0,41.0,6.0
418,98.0,1.0,41.0,6.0
419,99.0,1.0,41.0,6.0
420,100.0,1.0,41.0,6.0
421,101.0,1.0,41.0,6.0
422,102.0,1.0,41.0,6.0
423,103.0,1.0,41.0,6.0
424,104.0,1.0,39.0,2.0
425,0.0,2.0,39.0,3.0
426,1.0,2.0,39.0,3.0
427,2.0,2.0,39.0,3.0
428,3.0,2.0,39.0,3.0
429,4.0,2.0,39.0,3.0
430,5.0,2.0,39.0,3.0
431,6.0,2.0,39.0,3.0
432,7.0,2.0,39.0,3.0
433,8.0,2.0,39.0,3.0
434,9.0,2.0,39.0,3.0
435,10.0,2.0,39.0,3.0
436,11.0,2.0,37.0,3.0
437,12.0,2.0,37.0,6.0
438,13.0,2.0,37.0,6.0
439,14.0,2.0,37.0,6.0
440,15.0,2.0,37.0,6.0
441,16.0,2.0,37.0,6.0
442,17.0,2.0,37.0,6.0
443,18.0,2.0,37.0,6.0
444,19.0,2.0,37.0,6.0
445,20.0,2.0,37.0,1.0
446,21.0,2.0,37.0,1.0
447,22.0,2.0,37.0,4.0
448,23.0,2.0,37.0,4.0
449,24.0,2.0,37.0,4.0
450,25.0,2.0,37.0,1.0
451,26.0,2.0,37.0,1.0
452,27.0,2.0,37.0,1.0
453,28.0,2.0,37.0,1.0
454,29.0,2.0,37.0,6.0
455,30.0,2.0,37.0,6.0
456,31.0,2.0,37.0,6.0
457,32.0,2.0,37.0,6.0
458,33.0,2.0,37.0,6.0
459,34.0,2.0,37.0,2.0
460,35.0,2.0,39.0,2.0
461,36.0,2.0,39.0,2.0
462,37.0,2.0,39.0,2.0
463,38.0,2.0,39.0,2.0
464,39.0,2.0,39.0,2.0
465,40.0,2.0,39.0,2.0
466,41.0,2.0,39.0,2.0
467,42.0,2.0,39.0,2.0
468,43.0,2.0,39.0,2.0
469,44.0,2.0,39.0,2.0
470,45.0,2.0,39.0,2.0
471,46.0,2.0,39.0,2.0
472,47.0,2.0,39.0,2.0
473,48.0,2.0,39.0,2.0
474,49.0,2.0,39.0,2.0
475,50.0,2.0,39.0,2.0
476,51.0,2.0,39.0,2.0
477,52.0,2.0,39.0,2.0
478,53.0,2.0,39.0,2.0
479,54.0,2.0,39.0,2.0
480,55.0,2.0,39.0,2.0
481,56.0,2.0,39.0,2.0
482,57.0,2.0,39.0,2.0
483,58.0,2.0,39.0,2.0
484,59.0,2.0,39.0,2.0
485,60.0,2.0,39.0,2.0
486,61.0,2.0,39.0,6.0
487,62.0,2.0,39.0,6.0
488,63.0,2.0,39.0,6.0
489,64.0,2.0,39.0,6.0
490,65.0,2.0,39.0,6.0
491,66.0,2.0,39.0,1.0
492,67.0,2.0,39.0,1.0
493,68.0,2.0,39.0,1.0
494,69.0,2.0,39.0,1.0
495,70.0,2.0,39.0,1.0
496,71.0,2.0,40.0,1.0
497,72.0,2.0,40.0,1.0
498,73.0,2.0,40.0,1.0
499,74.0,2.0,40.0,1.0
500,75.0,2.0,40.0,1.0
501,76.0,2.0,40.0,4.0
502,77.0,2.0,40.0,1.0
503,78.0,2.0,40.0,1.0
504,79.0,2.0,40.0,1.0
505,80.0,2.0,40.0,1.0
506,81.0,2.0,41.0,6.0
507,82.0,2.0,41.0,6.0
508,83.0,2.0,41.0,6.0
509,84.0,2.0,41.0,1.0
510,85.0,2.0,41.0,2.0
511,86.0,2.0,41.0,2.0
512,87.0,2.0,41.0,2.0
513,88.0,2.0,41.0,2.0
514,89.0,2.0,41.0,2.0
515,90.0,2.0,41.0,2.0
516,91.0,2.0,41.0,2.0
517,92.0,2.0,41.0,6.0
518,93.0,2.0,41.0,6.0
519,94.0,2.0,41.0,6.0
520,95.0,2.0,41.0,6.0
521,96.0,2.0,41.0,6.0
522,97.0,2.0,41.0,6.0
523,98.0,2.0,41.0,6.0
524,99.0,2.0,41.0,6.0
525,100.0,2.0,41.0,6.0
526,101.0,2.0,41.0,6.0
527,102.0,2.0,41.0,6.0
528,103.0,2.0,39.0,6.0
529,104.0,2.0,39.0,2.0
530,0.0,3.0,39.0,7.0
531,1.0,3.0,39.0,3.0
532,2.0,3.0,39.0,3.0
533,3.0,3.0,39.0,3.0
534,4.0,3.0,39.0,3.0
535,5.0,3.0,39.0,3.0
536,6.0,3.0,39.0,3.0
537,7.0,3.0,39.0,3.0
538,8.0,3.0,39.0,3.0
539,9.0,3.0,39.0,3.0
540,10.0,3.0,39.0,3.0
541,11.0,3.0,37.0,3.0
542,12.0,3.0,37.0,6.0
543,13.0,3.0,37.0,6.0
544,14.0,3.0,37.0,6.0
545,15.0,3.0,37.0,6.0
546,16.0,3.0,37.0,6.0
547,17.0,3.0,37.0,6.0
548,18.0,3.0,37.0,6.0
549,19.0,3.0,37.0,6.0
550,20.0,3.0,37.0,1.0
551,21.0,3.0,37.0,1.0
552,22.0,3.0,37.0,4.0
553,23.0,3.0,37.0,4.0
554,24.0,3.0,37.0,4.0
555,25.0,3.0,37.0,1.0
556,26.0,3.0,37.0,1.0
557,27.0,3.0,37.0,1.0
558,28.0,3.0,37.0,1.0
559,29.0,3.0,37.0,6.0
560,30.0,3.0,37.0,6.0
561,31.0,3.0,37.0,6.0
562,32.0,3.0,37.0,6.0
563,33.0,3.0,37.0,6.0
564,34.0,3.0,37.0,2.0
565,35.0,3.0,39.0,2.0
566,36.0,3.0,39.0,2.0
567,37.0,3.0,39.0,2.0
568,38.0,3.0,39.0,2.0
569,39.0,3.0,39.0,2.0
570,40.0,3.0,39.0,2.0
571,41.0,3.0,39.0,2.0
572,42.0,3.0,39.0,2.0
573,43.0,3.0,39.0,2.0
574,44.0,3.0,39.0,2.0
575,45.0,3.0,39.0,2.0
576,46.0,3.0,39.0,2.0
577,47.0,3.0,38.0,1.0
578,48.0,3.0,39.0,1.0
579,49.0,3.0,39.0,2.0
580,50.0,3.0,39.0,2.0
581,51.0,3.0,39.0,2.0
582,52.0,3.0,39.0,2.0
583,53.0,3.0,39.0,2.0
584,54.0,3.0,39.0,2.0
585,55.0,3.0,39.0,2.0
586,56.0,3.0,39.0,2.0
61,57.0,3.0,39.0,2.0
587,58.0,3.0,39.0,2.0
588,59.0,3.0,39.0,2.0
589,60.0,3.0,39.0,6.0
590,61.0,3.0,39.0,6.0
591,62.0,3.0,39.0,6.0
592,63.0,3.0,39.0,6.0
593,64.0,3.0,39.0,6.0
594,65.0,3.0,39.0,6.0
87,66.0,3.0,39.0,1.0
595,67.0,3.0,39.0,1.0
92,68.0,3.0,39.0,1.0
98,69.0,3.0,39.0,6.0
596,70.0,3.0,39.0,1.0
107,71.0,3.0,40.0,1.0
597,72.0,3.0,40.0,1.0
115,73.0,3.0,40.0,1.0
598,74.0,3.0,40.0,1.0
123,75.0,3.0,40.0,4.0
599,76.0,3.0,40.0,4.0
131,77.0,3.0,40.0,1.0
600,78.0,3.0,40.0,1.0
140,79.0,3.0,40.0,1.0
601,80.0,3.0,41.0,1.0
147,81.0,3.0,41.0,6.0
153,82.0,3.0,41.0,1.0
602,83.0,3.0,41.0,6.0
160,84.0,3.0,41.0,6.0
167,85.0,3.0,41.0,2.0
603,86.0,3.0,41.0,2.0
175,87.0,3.0,41.0,2.0
604,88.0,3.0,41.0,2.0
185,89.0,3.0,40.0,6.0
605,90.0,3.0,41.0,2.0
606,91.0,3.0,41.0,6.0
607,92.0,3.0,41.0,6.0
608,93.0,3.0,41.0,6.0
609,94.0,3.0,41.0,6.0
610,95.0,3.0,39.0,6.0
611,96.0,3.0,41.0,6.0
612,97.0,3.0,41.0,6.0
613,98.0,3.0,41.0,6.0
614,99.0,3.0,41.0,6.0
615,100.0,3.0,41.0,6.0
616,101.0,3.0,41.0,6.0
617,102.0,3.0,39.0,6.0
618,103.0,3.0,39.0,2.0
619,104.0,3.0,39.0,2.0
620,0.0,4.0,39.0,7.0
621,1.0,4.0,39.0,7.0
622,2.0,4.0,39.0,3.0
623,3.0,4.0,39.0,3.0
624,4.0,4.0,39.0,3.0
625,5.0,4.0,39.0,3.0
626,6.0,4.0,39.0,3.0
627,7.0,4.0,39.0,3.0
628,8.0,4.0,39.0,3.0
629,9.0,4.0,39.0,3.0
630,10.0,4.0,39.0,3.0
631,11.0,4.0,37.0,3.0
632,12.0,4.0,37.0,6.0
633,13.0,4.0,37.0,6.0
634,14.0,4.0,37.0,6.0
635,15.0,4.0,37.0,6.0
636,16.0,4.0,37.0,6.0
637,17.0,4.0,37.0,6.0
638,18.0,4.0,37.0,6.0
639,19.0,4.0,37.0,6.0
640,20.0,4.0,37.0,1.0
641,21.0,4.0,37.0,1.0
642,22.0,4.0,37.0,4.0
643,23.0,4.0,37.0,4.0
644,24.0,4.0,37.0,4.0
645,25.0,4.0,37.0,1.0
646,26.0,4.0,37.0,1.0
647,27.0,4.0,37.0,1.0
648,28.0,4.0,37.0,1.0
649,29.0,4.0,37.0,6.0
650,30.0,4.0,37.0,6.0
651,31.0,4.0,37.0,6.0
652,32.0,4.0,37.0,6.0
653,33.0,4.0,37.0,6.0
654,34.0,4.0,37.0,2.0
655,35.0,4.0,39.0,2.0
656,36.0,4.0,39.0,2.0
657,37.0,4.0,39.0,2.0
658,38.0,4.0,39.0,2.0
659,39.0,4.0,39.0,2.0
660,40.0,4.0,39.0,2.0
661,41.0,4.0,39.0,2.0
662,42.0,4.0,39.0,2.0
663,43.0,4.0,39.0,2.0
664,44.0,4.0,39.0,2.0
665,45.0,4.0,39.0,2.0
666,46.0,4.0,39.0,2.0
667,47.0,4.0,38.0,1.0
668,48.0,4.0,38.0,1.0
669,49.0,4.0,39.0,1.0
670,50.0,4.0,39.0,2.0
671,51.0,4.0,39.0,2.0
672,52.0,4.0,39.0,2.0
673,53.0,4.0,39.0,2.0
674,54.0,4.0,39.0,2.0
675,55.0,4.0,39.0,2.0
676,56.0,4.0,39.0,2.0
677,57.0,4.0,39.0,2.0
678,58.0,4.0,39.0,2.0
679,59.0,4.0,39.0,6.0
680,60.0,4.0,39.0,6.0
681,61.0,4.0,39.0,6.0
682,62.0,4.0,39.0,6.0
683,63.0,4.0,39.0,6.0
83,64.0,4.0,39.0,6.0
684,65.0,4.0,39.0,1.0
685,66.0,4.0,39.0,1.0
686,67.0,4.0,39.0,1.0
687,68.0,4.0,39.0,6.0
688,69.0,4.0,39.0,6.0
689,70.0,4.0,39.0,6.0
690,71.0,4.0,39.0,1.0
691,72.0,4.0,40.0,1.0
692,73.0,4.0,40.0,1.0
693,74.0,4.0,40.0,1.0
694,75.0,4.0,40.0,4.0
695,76.0,4.0,40.0,4.0
696,77.0,4.0,40.0,1.0
697,78.0,4.0,40.0,1.0
141,79.0,4.0,40.0,1.0
698,80.0,4.0,41.0,1.0
699,81.0,4.0,41.0,6.0
154,82.0,4.0,41.0,6.0
700,83.0,4.0,41.0,6.0
701,84.0,4.0,41.0,6.0
702,85.0,4.0,41.0,2.0
703,86.0,4.0,41.0,2.0
704,87.0,4.0,41.0,2.0
705,88.0,4.0,41.0,2.0
706,89.0,4.0,41.0,6.0
707,90.0,4.0,41.0,6.0
708,91.0,4.0,41.0,6.0
709,92.0,4.0,41.0,6.0
710,93.0,4.0,41.0,6.0
711,94.0,4.0,41.0,6.0
712,95.0,4.0,39.0,6.0
713,96.0,4.0,41.0,6.0
714,97.0,4.0,41.0,6.0
715,98.0,4.0,41.0,6.0
716,99.0,4.0,41.0,6.0
717,100.0,4.0,41.0,6.0
718,101.0,4.0,41.0,6.0
719,102.0,4.0,39.0,2.0
720,103.0,4.0,39.0,2.0
721,104.0,4.0,39.0,2.0
722,0.0,5.0,39.0,7.0
723,1.0,5.0,39.0,7.0
724,2.0,5.0,39.0,3.0
725,3.0,5.0,39.0,3.0
726,4.0,5.0,39.0,3.0
727,5.0,5.0,39.0,3.0
728,6.0,5.0,39.0,3.0
729,7.0,5.0,39.0,3.0
730,8.0,5.0,39.0,3.0
731,9.0,5.0,39.0,3.0
732,10.0,5.0,39.0,3.0
733,11.0,5.0,37.0,6.0
734,12.0,5.0,37.0,6.0
735,13.0,5.0,37.0,6.0
736,14.0,5.0,37.0,6.0
737,15.0,5.0,37.0,6.0
738,16.0,5.0,37.0,6.0
739,17.0,5.0,37.0,6.0
740,18.0,5.0,37.0,6.0
741,19.0,5.0,37.0,6.0
742,20.0,5.0,37.0,1.0
743,21.0,5.0,37.0,1.0
744,22.0,5.0,37.0,4.0
745,23.0,5.0,37.0,4.0
746,24.0,5.0,37.0,4.0
747,25.0,5.0,37.0,1.0
748,26.0,5.0,37.0,1.0
749,27.0,5.0,37.0,1.0
750,28.0,5.0,37.0,1.0
751,29.0,5.0,37.0,6.0
752,30.0,5.0,37.0,6.0
753,31.0,5.0,37.0,6.0
754,32.0,5.0,37.0,6.0
755,33.0,5.0,37.0,6.0
756,34.0,5.0,37.0,2.0
757,35.0,5.0,39.0,2.0
758,36.0,5.0,39.0,2.0
759,37.0,5.0,39.0,2.0
760,38.0,5.0,39.0,2.0
761,39.0,5.0,39.0,2.0
762,40.0,5.0,39.0,2.0
763,41.0,5.0,39.0,2.0
764,42.0,5.0,39.0,2.0
765,43.0,5.0,39.0,2.0
766,44.0,5.0,39.0,2.0
767,45.0,5.0,39.0,2.0
768,46.0,5.0,39.0,2.0
769,47.0,5.0,38.0,1.0
770,48.0,5.0,38.0,1.0
771,49.0,5.0,38.0,1.0
772,50.0,5.0,39.0,1.0
773,51.0,5.0,39.0,1.0
774,52.0,5.0,39.0,2.0
775,53.0,5.0,39.0,2.0
776,54.0,5.0,39.0,2.0
777,55.0,5.0,39.0,2.0
778,56.0,5.0,39.0,2.0
64,57.0,5.0,39.0,6.0
779,58.0,5.0,39.0,6.0
780,59.0,5.0,39.0,6.0
781,60.0,5.0,39.0,6.0
782,61.0,5.0,39.0,6.0
783,62.0,5.0,39.0,6.0
784,63.0,5.0,39.0,6.0
785,64.0,5.0,39.0,6.0
786,65.0,5.0,39.0,1.0
787,66.0,5.0,39.0,1.0
788,67.0,5.0,39.0,1.0
789,68.0,5.0,39.0,1.0
97,69.0,5.0,39.0,6.0
790,70.0,5.0,39.0,6.0
108,71.0,5.0,39.0,1.0
791,72.0,5.0,40.0,1.0
117,73.0,5.0,40.0,1.0
792,74.0,5.0,40.0,1.0
124,75.0,5.0,40.0,4.0
793,76.0,5.0,40.0,4.0
133,77.0,5.0,40.0,1.0
794,78.0,5.0,40.0,1.0
795,79.0,5.0,40.0,1.0
796,80.0,5.0,41.0,6.0
797,81.0,5.0,41.0,6.0
798,82.0,5.0,41.0,6.0
799,83.0,5.0,41.0,6.0
800,84.0,5.0,41.0,6.0
801,85.0,5.0,41.0,2.0
802,86.0,5.0,41.0,2.0
803,87.0,5.0,41.0,2.0
804,88.0,5.0,41.0,6.0
805,89.0,5.0,41.0,6.0
806,90.0,5.0,41.0,6.0
807,91.0,5.0,41.0,6.0
808,92.0,5.0,41.0,6.0
809,93.0,5.0,41.0,6.0
810,94.0,5.0,39.0,6.0
811,95.0,5.0,41.0,6.0
812,96.0,5.0,41.0,6.0
813,97.0,5.0,41.0,6.0
814,98.0,5.0,41.0,6.0
815,99.0,5.0,41.0,6.0
816,100.0,5.0,41.0,6.0
817,101.0,5.0,39.0,6.0
818,102.0,5.0,39.0,2.0
819,103.0,5.0,39.0,2.0
820,104.0,5.0,42.0,2.0
821,0.0,6.0,39.0,7.0
822,1.0,6.0,39.0,7.0
823,2.0,6.0,39.0,7.0
824,3.0,6.0,39.0,3.0
825,4.0,6.0,39.0,3.0
826,5.0,6.0,39.0,3.0
827,6.0,6.0,39.0,3.0
828,7.0,6.0,39.0,3.0
829,8.0,6.0,39.0,3.0
830,9.0,6.0,39.0,3.0
831,10.0,6.0,39.0,3.0
832,11.0,6.0,37.0,6.0
833,12.0,6.0,37.0,6.0
834,13.0,6.0,37.0,6.0
835,14.0,6.0,37.0,6.0
836,15.0,6.0,37.0,6.0
837,16.0,6.0,37.0,6.0
838,17.0,6.0,37.0,6.0
839,18.0,6.0,37.0,6.0
840,19.0,6.0,37.0,6.0
841,20.0,6.0,37.0,1.0
842,21.0,6.0,37.0,1.0
843,22.0,6.0,37.0,4.0
844,23.0,6.0,37.0,4.0
845,24.0,6.0,37.0,4.0
846,25.0,6.0,37.0,1.0
847,26.0,6.0,37.0,1.0
848,27.0,6.0,37.0,1.0
849,28.0,6.0,37.0,1.0
850,29.0,6.0,37.0,6.0
851,30.0,6.0,37.0,6.0
852,31.0,6.0,37.0,6.0
853,32.0,6.0,37.0,6.0
854,33.0,6.0,37.0,6.0
855,34.0,6.0,37.0,2.0
856,35.0,6.0,39.0,2.0
857,36.0,6.0,39.0,2.0
858,37.0,6.0,39.0,2.0
859,38.0,6.0,39.0,2.0
860,39.0,6.0,39.0,2.0
861,40.0,6.0,39.0,2.0
862,41.0,6.0,39.0,2.0
863,42.0,6.0,39.0,2.0
864,43.0,6.0,39.0,2.0
865,44.0,6.0,39.0,2.0
866,45.0,6.0,39.0,2.0
867,46.0,6.0,39.0,2.0
868,47.0,6.0,38.0,1.0
869,48.0,6.0,38.0,1.0
870,49.0,6.0,38.0,1.0
871,50.0,6.0,38.0,1.0
872,51.0,6.0,39.0,1.0
873,52.0,6.0,39.0,2.0
874,53.0,6.0,39.0,2.0
875,54.0,6.0,39.0,2.0
876,55.0,6.0,39.0,2.0
877,56.0,6.0,39.0,2.0
878,57.0,6.0,39.0,2.0
879,58.0,6.0,39.0,6.0
880,59.0,6.0,39.0,6.0
881,60.0,6.0,39.0,6.0
882,61.0,6.0,39.0,6.0
75,62.0,6.0,39.0,6.0
883,63.0,6.0,39.0,6.0
82,64.0,6.0,39.0,1.0
884,65.0,6.0,39.0,1.0
885,66.0,6.0,39.0,4.0
886,67.0,6.0,39.0,4.0
887,68.0,6.0,39.0,4.0
888,69.0,6.0,39.0,4.0
889,70.0,6.0,39.0,1.0
890,71.0,6.0,39.0,4.0
891,72.0,6.0,39.0,1.0
892,73.0,6.0,40.0,4.0
893,74.0,6.0,40.0,4.0
894,75.0,6.0,40.0,1.0
895,76.0,6.0,40.0,1.0
896,77.0,6.0,40.0,1.0
897,78.0,6.0,40.0,1.0
898,79.0,6.0,40.0,1.0
899,80.0,6.0,40.0,1.0
900,81.0,6.0,41.0,6.0
150,82.0,6.0,41.0,6.0
901,83.0,6.0,41.0,6.0
902,84.0,6.0,41.0,6.0
903,85.0,6.0,41.0,6.0
904,86.0,6.0,41.0,6.0
905,87.0,6.0,41.0,6.0
906,88.0,6.0,41.0,6.0
907,89.0,6.0,41.0,6.0
908,90.0,6.0,41.0,6.0
909,91.0,6.0,41.0,6.0
910,92.0,6.0,41.0,6.0
911,93.0,6.0,41.0,6.0
912,94.0,6.0,41.0,6.0
913,95.0,6.0,41.0,6.0
914,96.0,6.0,41.0,6.0
915,97.0,6.0,41.0,6.0
916,98.0,6.0,41.0,6.0
917,99.0,6.0,41.0,6.0
918,100.0,6.0,41.0,6.0
919,101.0,6.0,39.0,2.0
920,102.0,6.0,39.0,2.0
921,103.0,6.0,42.0,2.0
922,104.0,6.0,42.0,2.0
923,0.0,7.0,39.0,7.0
924,1.0,7.0,39.0,7.0
925,2.0,7.0,39.0,7.0
926,3.0,7.0,39.0,7.0
927,4.0,7.0,39.0,3.0
928,5.0,7.0,39.0,3.0
929,6.0,7.0,39.0,3.0
930,7.0,7.0,39.0,3.0
931,8.0,7.0,39.0,3.0
932,9.0,7.0,39.0,3.0
933,10.0,7.0,39.0,3.0
934,11.0,7.0,37.0,6.0
935,12.0,7.0,37.0,6.0
936,13.0,7.0,37.0,6.0
937,14.0,7.0,37.0,6.0
938,15.0,7.0,37.0,6.0
939,16.0,7.0,37.0,6.0
940,17.0,7.0,37.0,6.0
941,18.0,7.0,37.0,6.0
942,19.0,7.0,37.0,6.0
943,20.0,7.0,37.0,1.0
944,21.0,7.0,37.0,1.0
945,22.0,7.0,37.0,4.0
946,23.0,7.0,37.0,4.0
947,24.0,7.0,37.0,4.0
948,25.0,7.0,37.0,1.0
949,26.0,7.0,37.0,1.0
950,27.0,7.0,37.0,1.0
951,28.0,7.0,37.0,1.0
952,29.0,7.0,37.0,6.0
953,30.0,7.0,37.0,6.0
954,31.0,7.0,37.0,6.0
955,32.0,7.0,37.0,6.0
956,33.0,7.0,37.0,6.0
957,34.0,7.0,37.0,2.0
958,35.0,7.0,39.0,2.0
959,36.0,7.0,39.0,2.0
960,37.0,7.0,39.0,2.0
961,38.0,7.0,39.0,2.0
962,39.0,7.0,39.0,2.0
963,40.0,7.0,39.0,2.0
964,41.0,7.0,39.0,2.0
965,42.0,7.0,39.0,2.0
966,43.0,7.0,39.0,2.0
967,44.0,7.0,39.0,2.0
968,45.0,7.0,39.0,2.0
969,46.0,7.0,39.0,2.0
970,47.0,7.0,38.0,1.0
971,48.0,7.0,38.0,1.0
972,49.0,7.0,38.0,1.0
973,50.0,7.0,38.0,1.0
974,51.0,7.0,38.0,1.0
975,52.0,7.0,38.0,1.0
976,53.0,7.0,39.0,1.0
977,54.0,7.0,39.0,2.0
978,55.0,7.0,39.0,2.0
979,56.0,7.0,39.0,6.0
980,57.0,7.0,39.0,6.0
981,58.0,7.0,39.0,6.0
982,59.0,7.0,39.0,6.0
68,60.0,7.0,39.0,6.0
983,61.0,7.0,39.0,6.0
984,62.0,7.0,39.0,6.0
985,63.0,7.0,39.0,1.0
986,64.0,7.0,39.0,1.0
987,65.0,7.0,39.0,4.0
89,66.0,7.0,39.0,4.0
988,67.0,7.0,39.0,4.0
93,68.0,7.0,39.0,4.0
100,69.0,7.0,39.0,4.0
989,70.0,7.0,39.0,4.0
990,71.0,7.0,39.0,4.0
991,72.0,7.0,39.0,4.0
992,73.0,7.0,39.0,1.0
993,74.0,7.0,40.0,1.0
994,75.0,7.0,40.0,1.0
995,76.0,7.0,40.0,1.0
996,77.0,7.0,40.0,1.0
997,78.0,7.0,40.0,1.0
998,79.0,7.0,40.0,1.0
999,80.0,7.0,41.0,1.0
1000,81.0,7.0,41.0,1.0
1001,82.0,7.0,41.0,1.0
1002,83.0,7.0,41.0,6.0
1003,84.0,7.0,41.0,6.0
1004,85.0,7.0,41.0,6.0
1005,86.0,7.0,41.0,6.0
1006,87.0,7.0,41.0,6.0
1007,88.0,7.0,41.0,6.0
1008,89.0,7.0,41.0,6.0
1009,90.0,7.0,41.0,6.0
1010,91.0,7.0,41.0,6.0
1011,92.0,7.0,41.0,6.0
1012,93.0,7.0,41.0,6.0
1013,94.0,7.0,41.0,6.0
1014,95.0,7.0,41.0,6.0
1015,96.0,7.0,41.0,6.0
1016,97.0,7.0,41.0,6.0
1017,98.0,7.0,41.0,6.0
1018,99.0,7.0,41.0,6.0
1019,100.0,7.0,41.0,2.0
1020,101.0,7.0,39.0,2.0
1021,102.0,7.0,42.0,2.0
1022,103.0,7.0,42.0,2.0
1023,104.0,7.0,42.0,2.0
1024,0.0,8.0,39.0,7.0
1025,1.0,8.0,39.0,7.0
1026,2.0,8.0,39.0,7.0
1027,3.0,8.0,39.0,7.0
1028,4.0,8.0,39.0,3.0
1029,5.0,8.0,39.0,3.0
1030,6.0,8.0,39.0,3.0
1031,7.0,8.0,39.0,3.0
1032,8.0,8.0,39.0,3.0
1033,9.0,8.0,39.0,3.0
1034,10.0,8.0,39.0,3.0
1035,11.0,8.0,37.0,6.0
1036,12.0,8.0,37.0,6.0
1037,13.0,8.0,37.0,6.0
1038,14.0,8.0,37.0,6.0
1039,15.0,8.0,37.0,6.0
1040,16.0,8.0,37.0,6.0
1041,17.0,8.0,37.0,6.0
1042,18.0,8.0,37.0,6.0
1043,19.0,8.0,37.0,6.0
1044,20.0,8.0,37.0,1.0
1045,21.0,8.0,37.0,1.0
1046,22.0,8.0,37.0,4.0
1047,23.0,8.0,37.0,4.0
1048,24.0,8.0,37.0,4.0
1049,25.0,8.0,37.0,1.0
1050,26.0,8.0,37.0,1.0
1051,27.0,8.0,37.0,1.0
1052,28.0,8.0,37.0,1.0
1053,29.0,8.0,37.0,6.0
1054,30.0,8.0,37.0,6.0
1055,31.0,8.0,37.0,6.0
1056,32.0,8.0,37.0,6.0
1057,33.0,8.0,37.0,6.0
1058,34.0,8.0,37.0,2.0
1059,35.0,8.0,39.0,2.0
1060,36.0,8.0,39.0,2.0
1061,37.0,8.0,39.0,2.0
1062,38.0,8.0,39.0,2.0
1063,39.0,8.0,39.0,2.0
1064,40.0,8.0,39.0,2.0
1065,41.0,8.0,39.0,2.0
1066,42.0,8.0,39.0,2.0
1067,43.0,8.0,39.0,2.0
1068,44.0,8.0,39.0,2.0
1069,45.0,8.0,39.0,2.0
1070,46.0,8.0,39.0,2.0
1071,47.0,8.0,38.0,1.0
1072,48.0,8.0,38.0,1.0
1073,49.0,8.0,38.0,1.0
1074,50.0,8.0,38.0,1.0
1075,51.0,8.0,38.0,1.0
1076,52.0,8.0,38.0,1.0
1077,53.0,8.0,38.0,1.0
1078,54.0,8.0,39.0,1.0
1079,55.0,8.0,39.0,1.0
1080,56.0,8.0,39.0,1.0
1081,57.0,8.0,39.0,6.0
1082,58.0,8.0,39.0,6.0
1083,59.0,8.0,39.0,6.0
1084,60.0,8.0,39.0,6.0
1085,61.0,8.0,39.0,6.0
1086,62.0,8.0,39.0,6.0
1087,63.0,8.0,39.0,1.0
1088,64.0,8.0,39.0,1.0
1089,65.0,8.0,39.0,4.0
88,66.0,8.0,39.0,4.0
1090,67.0,8.0,39.0,4.0
1091,68.0,8.0,39.0,4.0
101,69.0,8.0,39.0,4.0
1092,70.0,8.0,39.0,4.0
109,71.0,8.0,39.0,4.0
1093,72.0,8.0,39.0,4.0
116,73.0,8.0,39.0,4.0
1094,74.0,8.0,39.0,4.0
125,75.0,8.0,39.0,1.0
1095,76.0,8.0,40.0,1.0
132,77.0,8.0,40.0,1.0
1096,78.0,8.0,40.0,1.0
139,79.0,8.0,40.0,1.0
146,80.0,8.0,41.0,1.0
1097,81.0,8.0,41.0,1.0
151,82.0,8.0,41.0,1.0
1098,83.0,8.0,41.0,1.0
161,84.0,8.0,41.0,6.0
1099,85.0,8.0,41.0,6.0
168,86.0,8.0,41.0,6.0
174,87.0,8.0,41.0,6.0
1100,88.0,8.0,41.0,6.0
186,89.0,8.0,41.0,6.0
1101,90.0,8.0,41.0,6.0
1102,91.0,8.0,41.0,6.0
194,92.0,8.0,41.0,6.0
1103,93.0,8.0,41.0,1.0
1104,94.0,8.0,41.0,6.0
1105,95.0,8.0,41.0,6.0
1106,96.0,8.0,41.0,6.0
1107,97.0,8.0,41.0,6.0
1108,98.0,8.0,41.0,6.0
1109,99.0,8.0,41.0,6.0
1110,100.0,8.0,39.0,6.0
1111,101.0,8.0,42.0,6.0
1112,102.0,8.0,42.0,2.0
1113,103.0,8.0,42.0,2.0
1114,104.0,8.0,42.0,4.0
1115,0.0,9.0,39.0,7.0
1116,1.0,9.0,39.0,7.0
1117,2.0,9.0,39.0,7.0
1118,3.0,9.0,39.0,7.0
1119,4.0,9.0,39.0,7.0
1120,5.0,9.0,39.0,3.0
1121,6.0,9.0,39.0,3.0
1122,7.0,9.0,39.0,3.0
1123,8.0,9.0,39.0,3.0
1124,9.0,9.0,39.0,3.0
1125,10.0,9.0,39.0,3.0
1126,11.0,9.0,37.0,6.0
1127,12.0,9.0,37.0,6.0
1128,13.0,9.0,37.0,6.0
1129,14.0,9.0,37.0,6.0
1130,15.0,9.0,37.0,6.0
1131,16.0,9.0,37.0,6.0
1132,17.0,9.0,37.0,6.0
1133,18.0,9.0,37.0,6.0
1134,19.0,9.0,37.0,6.0
1135,20.0,9.0,37.0,1.0
1136,21.0,9.0,37.0,1.0
1137,22.0,9.0,37.0,4.0
1138,23.0,9.0,37.0,4.0
1139,24.0,9.0,37.0,4.0
1140,25.0,9.0,37.0,1.0
1141,26.0,9.0,37.0,1.0
1142,27.0,9.0,37.0,1.0
1143,28.0,9.0,37.0,1.0
1144,29.0,9.0,37.0,6.0
1145,30.0,9.0,37.0,6.0
1146,31.0,9.0,37.0,6.0
1147,32.0,9.0,37.0,6.0
1148,33.0,9.0,37.0,6.0
1149,34.0,9.0,37.0,2.0
1150,35.0,9.0,39.0,2.0
1151,36.0,9.0,39.0,2.0
1152,37.0,9.0,39.0,2.0
1153,38.0,9.0,39.0,2.0
1154,39.0,9.0,39.0,2.0
1155,40.0,9.0,39.0,2.0
1156,41.0,9.0,39.0,2.0
1157,42.0,9.0,39.0,2.0
1158,43.0,9.0,39.0,2.0
1159,44.0,9.0,39.0,2.0
1160,45.0,9.0,39.0,2.0
1161,46.0,9.0,39.0,2.0
1162,47.0,9.0,38.0,1.0
1163,48.0,9.0,38.0,1.0
1164,49.0,9.0,38.0,1.0
1165,50.0,9.0,38.0,1.0
1166,51.0,9.0,38.0,1.0
1167,52.0,9.0,38.0,1.0
1168,53.0,9.0,38.0,1.0
1169,54.0,9.0,39.0,1.0
1170,55.0,9.0,39.0,1.0
1171,56.0,9.0,39.0,1.0
60,57.0,9.0,39.0,7.0
1172,58.0,9.0,39.0,6.0
1173,59.0,9.0,39.0,6.0
69,60.0,9.0,39.0,6.0
1174,61.0,9.0,39.0,6.0
77,62.0,9.0,39.0,1.0
1175,63.0,9.0,39.0,1.0
1176,64.0,9.0,39.0,4.0
1177,65.0,9.0,39.0,4.0
1178,66.0,9.0,39.0,4.0
1179,67.0,9.0,39.0,4.0
1180,68.0,9.0,39.0,4.0
1181,69.0,9.0,39.0,4.0
1182,70.0,9.0,39.0,4.0
1183,71.0,9.0,39.0,4.0
1184,72.0,9.0,39.0,4.0
1185,73.0,9.0,39.0,4.0
1186,74.0,9.0,39.0,1.0
1187,75.0,9.0,39.0,1.0
1188,76.0,9.0,39.0,1.0
1189,77.0,9.0,40.0,1.0
1190,78.0,9.0,40.0,1.0
1191,79.0,9.0,40.0,1.0
1192,80.0,9.0,41.0,1.0
1193,81.0,9.0,41.0,1.0
1194,82.0,9.0,41.0,1.0
1195,83.0,9.0,41.0,1.0
1196,84.0,9.0,41.0,1.0
1197,85.0,9.0,41.0,6.0
1198,86.0,9.0,41.0,6.0
1199,87.0,9.0,41.0,6.0
1200,88.0,9.0,41.0,1.0
1201,89.0,9.0,41.0,1.0
1202,90.0,9.0,41.0,1.0
1203,91.0,9.0,41.0,6.0
1204,92.0,9.0,41.0,1.0
1205,93.0,9.0,41.0,6.0
1206,94.0,9.0,41.0,6.0
1207,95.0,9.0,41.0,6.0
1208,96.0,9.0,41.0,6.0
1209,97.0,9.0,41.0,6.0
1210,98.0,9.0,41.0,6.0
1211,99.0,9.0,41.0,6.0
1212,100.0,9.0,41.0,6.0
1213,101.0,9.0,42.0,6.0
1214,102.0,9.0,42.0,2.0
1215,103.0,9.0,42.0,4.0
1216,104.0,9.0,42.0,4.0
1217,0.0,10.0,39.0,7.0
1218,1.0,10.0,39.0,7.0
1219,2.0,10.0,39.0,7.0
1220,3.0,10.0,39.0,7.0
1221,4.0,10.0,39.0,7.0
1222,5.0,10.0,39.0,7.0
1223,6.0,10.0,39.0,3.0
1224,7.0,10.0,39.0,3.0
1225,8.0,10.0,39.0,3.0
1226,9.0,10.0,39.0,3.0
1227,10.0,10.0,37.0,3.0
1228,11.0,10.0,37.0,6.0
1229,12.0,10.0,37.0,6.0
1230,13.0,10.0,37.0,6.0
1231,14.0,10.0,37.0,6.0
1232,15.0,10.0,37.0,6.0
1233,16.0,10.0,37.0,6.0
1234,17.0,10.0,37.0,6.0
1235,18.0,10.0,37.0,6.0
1236,19.0,10.0,37.0,6.0
1237,20.0,10.0,37.0,1.0
1238,21.0,10.0,37.0,1.0
1239,22.0,10.0,37.0,4.0
1240,23.0,10.0,37.0,4.0
1241,24.0,10.0,37.0,4.0
1242,25.0,10.0,37.0,1.0
1243,26.0,10.0,37.0,1.0
1244,27.0,10.0,37.0,1.0
1245,28.0,10.0,37.0,1.0
1246,29.0,10.0,37.0,6.0
1247,30.0,10.0,37.0,6.0
1248,31.0,10.0,37.0,6.0
1249,32.0,10.0,37.0,6.0
1250,33.0,10.0,37.0,6.0
1251,34.0,10.0,37.0,2.0
1252,35.0,10.0,39.0,2.0
1253,36.0,10.0,39.0,2.0
1254,37.0,10.0,39.0,2.0
1255,38.0,10.0,39.0,2.0
1256,39.0,10.0,39.0,2.0
1257,40.0,10.0,39.0,2.0
1258,41.0,10.0,39.0,2.0
1259,42.0,10.0,39.0,2.0
1260,43.0,10.0,39.0,2.0
1261,44.0,10.0,39.0,2.0
1262,45.0,10.0,39.0,2.0
1263,46.0,10.0,39.0,2.0
1264,47.0,10.0,38.0,1.0
1265,48.0,10.0,38.0,1.0
1266,49.0,10.0,38.0,1.0
1267,50.0,10.0,38.0,1.0
1268,51.0,10.0,38.0,1.0
1269,52.0,10.0,38.0,1.0
1270,53.0,10.0,38.0,1.0
1271,54.0,10.0,39.0,1.0
1272,55.0,10.0,39.0,1.0
1273,56.0,10.0,39.0,1.0
1274,57.0,10.0,39.0,1.0
1275,58.0,10.0,39.0,1.0
1276,59.0,10.0,39.0,4.0
1277,60.0,10.0,39.0,1.0
1278,61.0,10.0,39.0,1.0
1279,62.0,10.0,39.0,1.0
1280,63.0,10.0,39.0,4.0
1281,64.0,10.0,39.0,1.0
1282,65.0,10.0,39.0,4.0
1283,66.0,10.0,39.0,5.0
1284,67.0,10.0,39.0,5.0
1285,68.0,10.0,39.0,5.0
99,69.0,10.0,39.0,5.0
1286,70.0,10.0,39.0,5.0
1287,71.0,10.0,39.0,5.0
1288,72.0,10.0,39.0,4.0
1289,73.0,10.0,39.0,4.0
1290,74.0,10.0,39.0,4.0
1291,75.0,10.0,39.0,1.0
1292,76.0,10.0,39.0,1.0
1293,77.0,10.0,41.0,4.0
1294,78.0,10.0,41.0,1.0
1295,79.0,10.0,41.0,1.0
1296,80.0,10.0,41.0,4.0
1297,81.0,10.0,41.0,4.0
152,82.0,10.0,41.0,4.0
1298,83.0,10.0,41.0,4.0
1299,84.0,10.0,41.0,4.0
1300,85.0,10.0,41.0,1.0
1301,86.0,10.0,41.0,1.0
172,87.0,10.0,41.0,1.0
1302,88.0,10.0,41.0,1.0
184,89.0,10.0,41.0,1.0
1303,90.0,10.0,41.0,1.0
1304,91.0,10.0,41.0,1.0
1305,92.0,10.0,41.0,1.0
1306,93.0,10.0,41.0,6.0
200,94.0,10.0,39.0,2.0
1307,95.0,10.0,41.0,6.0
205,96.0,10.0,41.0,6.0
1308,97.0,10.0,41.0,6.0
1309,98.0,10.0,41.0,6.0
1310,99.0,10.0,41.0,6.0
1311,100.0,10.0,42.0,6.0
1312,101.0,10.0,42.0,6.0
1313,102.0,10.0,42.0,4.0
1314,103.0,10.0,42.0,4.0
1315,104.0,10.0,42.0,4.0
1316,0.0,11.0,39.0,3.0
1317,1.0,11.0,39.0,7.0
1318,2.0,11.0,39.0,7.0
1319,3.0,11.0,39.0,7.0
1320,4.0,11.0,39.0,7.0
1321,5.0,11.0,39.0,7.0
1322,6.0,11.0,39.0,3.0
1323,7.0,11.0,39.0,3.0
1324,8.0,11.0,39.0,3.0
1325,9.0,11.0,39.0,3.0
1326,10.0,11.0,37.0,3.0
1327,11.0,11.0,37.0,6.0
1328,12.0,11.0,37.0,6.0
1329,13.0,11.0,37.0,6.0
1330,14.0,11.0,37.0,6.0
1331,15.0,11.0,37.0,6.0
1332,16.0,11.0,37.0,6.0
1333,17.0,11.0,37.0,6.0
1334,18.0,11.0,37.0,6.0
1335,19.0,11.0,37.0,6.0
1336,20.0,11.0,37.0,1.0
1337,21.0,11.0,37.0,1.0
1338,22.0,11.0,37.0,4.0
1339,23.0,11.0,37.0,4.0
1340,24.0,11.0,37.0,4.0
1341,25.0,11.0,37.0,1.0
1342,26.0,11.0,37.0,1.0
1343,27.0,11.0,37.0,1.0
1344,28.0,11.0,37.0,1.0
1345,29.0,11.0,37.0,6.0
1346,30.0,11.0,37.0,6.0
1347,31.0,11.0,37.0,6.0
1348,32.0,11.0,37.0,6.0
1349,33.0,11.0,37.0,6.0
1350,34.0,11.0,37.0,2.0
1351,35.0,11.0,39.0,2.0
1352,36.0,11.0,39.0,2.0
1353,37.0,11.0,39.0,2.0
1354,38.0,11.0,39.0,2.0
1355,39.0,11.0,39.0,2.0
1356,40.0,11.0,39.0,2.0
1357,41.0,11.0,39.0,2.0
1358,42.0,11.0,39.0,2.0
1359,43.0,11.0,39.0,2.0
1360,44.0,11.0,39.0,2.0
1361,45.0,11.0,39.0,2.0
1362,46.0,11.0,39.0,2.0
1363,47.0,11.0,38.0,1.0
1364,48.0,11.0,38.0,1.0
1365,49.0,11.0,38.0,1.0
1366,50.0,11.0,38.0,1.0
1367,51.0,11.0,38.0,1.0
1368,52.0,11.0,38.0,1.0
1369,53.0,11.0,38.0,1.0
1370,54.0,11.0,38.0,1.0
1371,55.0,11.0,39.0,1.0
1372,56.0,11.0,39.0,1.0
1373,57.0,11.0,39.0,1.0
1374,58.0,11.0,39.0,1.0
1375,59.0,11.0,39.0,1.0
1376,60.0,11.0,39.0,1.0
1377,61.0,11.0,39.0,4.0
1378,62.0,11.0,39.0,4.0
1379,63.0,11.0,39.0,4.0
1380,64.0,11.0,39.0,4.0
1381,65.0,11.0,39.0,5.0
1382,66.0,11.0,39.0,5.0
1383,67.0,11.0,39.0,5.0
1384,68.0,11.0,39.0,5.0
1385,69.0,11.0,39.0,5.0
1386,70.0,11.0,39.0,5.0
1387,71.0,11.0,39.0,5.0
1388,72.0,11.0,39.0,1.0
1389,73.0,11.0,39.0,1.0
1390,74.0,11.0,39.0,1.0
1391,75.0,11.0,39.0,4.0
1392,76.0,11.0,41.0,4.0
1393,77.0,11.0,41.0,4.0
1394,78.0,11.0,41.0,4.0
1395,79.0,11.0,41.0,4.0
1396,80.0,11.0,41.0,4.0
1397,81.0,11.0,41.0,4.0
1398,82.0,11.0,41.0,4.0
159,83.0,11.0,41.0,4.0
1399,84.0,11.0,41.0,4.0
163,85.0,11.0,41.0,1.0
1400,86.0,11.0,41.0,1.0
171,87.0,11.0,41.0,4.0
1401,88.0,11.0,41.0,1.0
183,89.0,11.0,41.0,1.0
190,90.0,11.0,41.0,1.0
1402,91.0,11.0,41.0,1.0
195,92.0,11.0,41.0,1.0
1403,93.0,11.0,41.0,6.0
199,94.0,11.0,41.0,6.0
1404,95.0,11.0,41.0,6.0
1405,96.0,11.0,41.0,6.0
1406,97.0,11.0,41.0,6.0
1407,98.0,11.0,41.0,6.0
1408,99.0,11.0,42.0,6.0
1409,100.0,11.0,42.0,2.0
1410,101.0,11.0,42.0,4.0
1411,102.0,11.0,42.0,4.0
1412,103.0,11.0,42.0,4.0
1413,104.0,11.0,42.0,4.0
1414,0.0,12.0,39.0,3.0
1415,1.0,12.0,39.0,3.0
1416,2.0,12.0,39.0,3.0
1417,3.0,12.0,39.0,7.0
1418,4.0,12.0,39.0,7.0
1419,5.0,12.0,39.0,7.0
1420,6.0,12.0,39.0,7.0
2,7.0,12.0,39.0,3.0
1421,8.0,12.0,39.0,3.0
5,9.0,12.0,37.0,7.0
1422,10.0,12.0,37.0,3.0
1423,11.0,12.0,37.0,6.0
1424,12.0,12.0,37.0,6.0
1425,13.0,12.0,37.0,6.0
1426,14.0,12.0,37.0,6.0
1427,15.0,12.0,37.0,6.0
1428,16.0,12.0,37.0,6.0
1429,17.0,12.0,37.0,6.0
1430,18.0,12.0,37.0,6.0
1431,19.0,12.0,37.0,6.0
1432,20.0,12.0,37.0,1.0
1433,21.0,12.0,37.0,1.0
1434,22.0,12.0,37.0,4.0
1435,23.0,12.0,37.0,4.0
1436,24.0,12.0,37.0,4.0
1437,25.0,12.0,37.0,1.0
1438,26.0,12.0,37.0,1.0
1439,27.0,12.0,37.0,1.0
1440,28.0,12.0,37.0,1.0
1441,29.0,12.0,37.0,6.0
1442,30.0,12.0,37.0,6.0
1443,31.0,12.0,37.0,6.0
1444,32.0,12.0,37.0,6.0
1445,33.0,12.0,37.0,6.0
1446,34.0,12.0,37.0,2.0
1447,35.0,12.0,39.0,2.0
1448,36.0,12.0,39.0,2.0
1449,37.0,12.0,39.0,2.0
1450,38.0,12.0,39.0,2.0
1451,39.0,12.0,39.0,2.0
1452,40.0,12.0,39.0,2.0
1453,41.0,12.0,39.0,2.0
1454,42.0,12.0,39.0,2.0
29,43.0,12.0,39.0,2.0
1455,44.0,12.0,39.0,2.0
32,45.0,12.0,39.0,2.0
1456,46.0,12.0,39.0,2.0
36,47.0,12.0,38.0,1.0
1457,48.0,12.0,38.0,1.0
1458,49.0,12.0,38.0,1.0
43,50.0,12.0,38.0,1.0
1459,51.0,12.0,38.0,1.0
1460,52.0,12.0,38.0,1.0
1461,53.0,12.0,38.0,1.0
54,54.0,12.0,38.0,1.0
1462,55.0,12.0,39.0,1.0
58,56.0,12.0,39.0,1.0
62,57.0,12.0,39.0,1.0
1463,58.0,12.0,39.0,1.0
67,59.0,12.0,39.0,4.0
72,60.0,12.0,39.0,1.0
1464,61.0,12.0,39.0,4.0
76,62.0,12.0,39.0,4.0
81,63.0,12.0,39.0,4.0
1465,64.0,12.0,39.0,4.0
85,65.0,12.0,39.0,5.0
1466,66.0,12.0,39.0,5.0
90,67.0,12.0,39.0,5.0
1467,68.0,12.0,39.0,5.0
94,69.0,12.0,39.0,5.0
1468,70.0,12.0,39.0,5.0
105,71.0,12.0,39.0,5.0
1469,72.0,12.0,39.0,1.0
114,73.0,12.0,39.0,4.0
122,74.0,12.0,39.0,1.0
1470,75.0,12.0,41.0,1.0
130,76.0,12.0,41.0,4.0
1471,77.0,12.0,41.0,4.0
135,78.0,12.0,41.0,4.0
1472,79.0,12.0,41.0,4.0
145,80.0,12.0,41.0,4.0
149,81.0,12.0,41.0,4.0
1473,82.0,12.0,41.0,4.0
1474,83.0,12.0,41.0,4.0
1475,84.0,12.0,41.0,4.0
1476,85.0,12.0,41.0,4.0
1477,86.0,12.0,41.0,1.0
1478,87.0,12.0,41.0,4.0
1479,88.0,12.0,41.0,4.0
1480,89.0,12.0,41.0,1.0
1481,90.0,12.0,41.0,1.0
1482,91.0,12.0,41.0,1.0
1483,92.0,12.0,41.0,1.0
1484,93.0,12.0,41.0,6.0
202,94.0,12.0,42.0,6.0
1485,95.0,12.0,41.0,6.0
1486,96.0,12.0,41.0,6.0
1487,97.0,12.0,41.0,6.0
1488,98.0,12.0,41.0,6.0
1489,99.0,12.0,42.0,1.0
1490,100.0,12.0,42.0,2.0
1491,101.0,12.0,42.0,4.0
1492,102.0,12.0,42.0,4.0
1493,103.0,12.0,42.0,4.0
1494,104.0,12.0,42.0,4.0
1495,0.0,13.0,39.0,3.0
1496,1.0,13.0,39.0,3.0
1497,2.0,13.0,39.0,3.0
1498,3.0,13.0,39.0,3.0
1499,4.0,13.0,39.0,3.0
1500,5.0,13.0,39.0,3.0
1501,6.0,13.0,39.0,3.0
1502,7.0,13.0,39.0,3.0
1503,8.0,13.0,39.0,3.0
1504,9.0,13.0,39.0,3.0
6,10.0,13.0,39.0,3.0
7,11.0,13.0,37.0,6.0
1505,12.0,13.0,37.0,6.0
8,13.0,13.0,37.0,6.0
1506,14.0,13.0,37.0,6.0
9,15.0,13.0,37.0,6.0
10,16.0,13.0,37.0,6.0
1507,17.0,13.0,37.0,6.0
11,18.0,13.0,37.0,6.0
1508,19.0,13.0,37.0,6.0
12,20.0,13.0,37.0,1.0
1509,21.0,13.0,37.0,1.0
13,22.0,13.0,37.0,4.0
1510,23.0,13.0,37.0,4.0
14,24.0,13.0,37.0,4.0
1511,25.0,13.0,37.0,1.0
15,26.0,13.0,37.0,1.0
16,27.0,13.0,37.0,1.0
1512,28.0,13.0,37.0,1.0
17,29.0,13.0,37.0,6.0
1513,30.0,13.0,37.0,6.0
18,31.0,13.0,37.0,6.0
19,32.0,13.0,37.0,6.0
1514,33.0,13.0,37.0,6.0
20,34.0,13.0,39.0,2.0
1515,35.0,13.0,39.0,2.0
21,36.0,13.0,37.0,7.0
1516,37.0,13.0,39.0,2.0
22,38.0,13.0,39.0,2.0
23,39.0,13.0,39.0,2.0
1517,40.0,13.0,39.0,2.0
1518,41.0,13.0,39.0,2.0
25,42.0,13.0,38.0,7.0
1519,43.0,13.0,39.0,2.0
1520,44.0,13.0,39.0,2.0
1521,45.0,13.0,39.0,2.0
1522,46.0,13.0,39.0,2.0
1523,47.0,13.0,38.0,1.0
1524,48.0,13.0,38.0,1.0
1525,49.0,13.0,38.0,1.0
1526,50.0,13.0,38.0,1.0
1527,51.0,13.0,38.0,1.0
47,52.0,13.0,38.0,1.0
1528,53.0,13.0,38.0,1.0
1529,54.0,13.0,38.0,1.0
1530,55.0,13.0,38.0,1.0
1531,56.0,13.0,39.0,1.0
1532,57.0,13.0,39.0,1.0
1533,58.0,13.0,39.0,1.0
1534,59.0,13.0,39.0,1.0
1535,60.0,13.0,39.0,4.0
1536,61.0,13.0,39.0,4.0
1537,62.0,13.0,39.0,4.0
1538,63.0,13.0,39.0,4.0
1539,64.0,13.0,39.0,4.0
1540,65.0,13.0,39.0,5.0
1541,66.0,13.0,39.0,5.0
1542,67.0,13.0,39.0,5.0
1543,68.0,13.0,39.0,5.0
1544,69.0,13.0,39.0,5.0
1545,70.0,13.0,39.0,5.0
1546,71.0,13.0,39.0,5.0
1547,72.0,13.0,39.0,4.0
1548,73.0,13.0,39.0,4.0
1549,74.0,13.0,39.0,1.0
1550,75.0,13.0,39.0,1.0
129,76.0,13.0,41.0,1.0
1551,77.0,13.0,41.0,4.0
1552,78.0,13.0,41.0,4.0
137,79.0,13.0,41.0,4.0
1553,80.0,13.0,41.0,4.0
1554,81.0,13.0,41.0,4.0
1555,82.0,13.0,41.0,4.0
1556,83.0,13.0,41.0,4.0
1557,84.0,13.0,41.0,5.0
1558,85.0,13.0,41.0,5.0
1559,86.0,13.0,41.0,1.0
1560,87.0,13.0,41.0,4.0
179,88.0,13.0,41.0,4.0
1561,89.0,13.0,41.0,4.0
1562,90.0,13.0,41.0,4.0
192,91.0,13.0,41.0,4.0
1563,92.0,13.0,41.0,4.0
1564,93.0,13.0,41.0,1.0
1565,94.0,13.0,41.0,6.0
1566,95.0,13.0,41.0,6.0
203,96.0,13.0,41.0,6.0
1567,97.0,13.0,42.0,6.0
1568,98.0,13.0,42.0,6.0
1569,99.0,13.0,42.0,1.0
1570,100.0,13.0,42.0,2.0
1571,101.0,13.0,42.0,4.0
1572,102.0,13.0,42.0,4.0
1573,103.0,13.0,42.0,4.0
1574,104.0,13.0,42.0,4.0
1575,0.0,14.0,39.0,3.0
1576,1.0,14.0,39.0,3.0
1577,2.0,14.0,39.0,3.0
1578,3.0,14.0,39.0,3.0
1579,4.0,14.0,39.0,3.0
1580,5.0,14.0,39.0,3.0
1581,6.0,14.0,39.0,3.0
1582,7.0,14.0,39.0,3.0
1583,8.0,14.0,39.0,3.0
1584,9.0,14.0,39.0,3.0
1585,10.0,14.0,39.0,3.0
1586,11.0,14.0,39.0,3.0
1587,12.0,14.0,37.0,6.0
1588,13.0,14.0,37.0,6.0
1589,14.0,14.0,37.0,6.0
1590,15.0,14.0,37.0,6.0
1591,16.0,14.0,37.0,6.0
1592,17.0,14.0,37.0,6.0
1593,18.0,14.0,37.0,6.0
1594,19.0,14.0,37.0,6.0
1595,20.0,14.0,37.0,1.0
1596,21.0,14.0,37.0,1.0
1597,22.0,14.0,37.0,4.0
1598,23.0,14.0,37.0,4.0
1599,24.0,14.0,37.0,4.0
1600,25.0,14.0,37.0,1.0
1601,26.0,14.0,37.0,1.0
1602,27.0,14.0,37.0,1.0
1603,28.0,14.0,37.0,1.0
1604,29.0,14.0,37.0,6.0
1605,30.0,14.0,37.0,6.0
1606,31.0,14.0,37.0,6.0
1607,32.0,14.0,37.0,6.0
1608,33.0,14.0,37.0,6.0
1609,34.0,14.0,37.0,2.0
1610,35.0,14.0,39.0,2.0
1611,36.0,14.0,39.0,2.0
1612,37.0,14.0,39.0,2.0
1613,38.0,14.0,39.0,2.0
1614,39.0,14.0,39.0,2.0
1615,40.0,14.0,39.0,2.0
1616,41.0,14.0,39.0,2.0
1617,42.0,14.0,39.0,2.0
1618,43.0,14.0,39.0,2.0
1619,44.0,14.0,39.0,2.0
1620,45.0,14.0,39.0,2.0
1621,46.0,14.0,39.0,2.0
1622,47.0,14.0,38.0,1.0
1623,48.0,14.0,38.0,1.0
1624,49.0,14.0,38.0,4.0
1625,50.0,14.0,38.0,4.0
1626,51.0,14.0,38.0,4.0
49,52.0,14.0,38.0,4.0
1627,53.0,14.0,38.0,4.0
1628,54.0,14.0,38.0,4.0
1629,55.0,14.0,38.0,1.0
1630,56.0,14.0,39.0,1.0
1631,57.0,14.0,39.0,1.0
1632,58.0,14.0,39.0,1.0
1633,59.0,14.0,39.0,1.0
1634,60.0,14.0,39.0,4.0
1635,61.0,14.0,39.0,4.0
1636,62.0,14.0,39.0,4.0
1637,63.0,14.0,39.0,4.0
1638,64.0,14.0,39.0,4.0
1639,65.0,14.0,39.0,5.0
1640,66.0,14.0,39.0,5.0
1641,67.0,14.0,39.0,5.0
1642,68.0,14.0,39.0,5.0
1643,69.0,14.0,39.0,1.0
1644,70.0,14.0,39.0,1.0
104,71.0,14.0,39.0,1.0
1645,72.0,14.0,39.0,1.0
113,73.0,14.0,39.0,4.0
118,74.0,14.0,39.0,1.0
1646,75.0,14.0,41.0,1.0
1647,76.0,14.0,41.0,4.0
1648,77.0,14.0,41.0,4.0
1649,78.0,14.0,41.0,4.0
1650,79.0,14.0,41.0,4.0
1651,80.0,14.0,41.0,4.0
1652,81.0,14.0,41.0,5.0
1653,82.0,14.0,41.0,5.0
1654,83.0,14.0,41.0,5.0
1655,84.0,14.0,41.0,5.0
1656,85.0,14.0,41.0,5.0
1657,86.0,14.0,41.0,5.0
1658,87.0,14.0,41.0,5.0
181,88.0,14.0,41.0,4.0
1659,89.0,14.0,41.0,4.0
1660,90.0,14.0,41.0,4.0
1661,91.0,14.0,41.0,4.0
1662,92.0,14.0,41.0,4.0
1663,93.0,14.0,41.0,4.0
1664,94.0,14.0,41.0,6.0
1665,95.0,14.0,41.0,6.0
1666,96.0,14.0,41.0,6.0
1667,97.0,14.0,42.0,6.0
206,98.0,14.0,42.0,6.0
1668,99.0,14.0,42.0,1.0
212,100.0,14.0,42.0,2.0
1669,101.0,14.0,42.0,4.0
1670,102.0,14.0,42.0,4.0
1671,103.0,14.0,42.0,4.0
1672,104.0,14.0,42.0,4.0
1673,0.0,15.0,39.0,3.0
1674,1.0,15.0,39.0,3.0
1675,2.0,15.0,39.0,3.0
1676,3.0,15.0,39.0,3.0
1677,4.0,15.0,39.0,3.0
1678,5.0,15.0,39.0,3.0
1679,6.0,15.0,39.0,3.0
0,7.0,15.0,37.0,7.0
1680,8.0,15.0,39.0,3.0
3,9.0,15.0,39.0,3.0
1681,10.0,15.0,39.0,3.0
1682,11.0,15.0,39.0,3.0
1683,12.0,15.0,37.0,6.0
1684,13.0,15.0,37.0,6.0
1685,14.0,15.0,37.0,6.0
1686,15.0,15.0,37.0,6.0
1687,16.0,15.0,37.0,6.0
1688,17.0,15.0,37.0,6.0
1689,18.0,15.0,37.0,6.0
1690,19.0,15.0,37.0,6.0
1691,20.0,15.0,37.0,1.0
1692,21.0,15.0,37.0,1.0
1693,22.0,15.0,37.0,4.0
1694,23.0,15.0,37.0,4.0
1695,24.0,15.0,37.0,4.0
1696,25.0,15.0,37.0,1.0
1697,26.0,15.0,37.0,1.0
1698,27.0,15.0,37.0,1.0
1699,28.0,15.0,37.0,1.0
1700,29.0,15.0,37.0,6.0
1701,30.0,15.0,37.0,6.0
1702,31.0,15.0,37.0,6.0
1703,32.0,15.0,37.0,6.0
1704,33.0,15.0,37.0,6.0
1705,34.0,15.0,37.0,2.0
1706,35.0,15.0,39.0,2.0
1707,36.0,15.0,39.0,2.0
1708,37.0,15.0,39.0,2.0
1709,38.0,15.0,39.0,2.0
1710,39.0,15.0,39.0,2.0
1711,40.0,15.0,39.0,2.0
1712,41.0,15.0,39.0,2.0
1713,42.0,15.0,39.0,2.0
1714,43.0,15.0,39.0,2.0
1715,44.0,15.0,39.0,2.0
1716,45.0,15.0,39.0,2.0
1717,46.0,15.0,39.0,1.0
1718,47.0,15.0,38.0,4.0
1719,48.0,15.0,38.0,4.0
1720,49.0,15.0,38.0,4.0
42,50.0,15.0,38.0,4.0
1721,51.0,15.0,38.0,4.0
1722,52.0,15.0,38.0,4.0
1723,53.0,15.0,38.0,4.0
56,54.0,15.0,38.0,4.0
1724,55.0,15.0,38.0,4.0
1725,56.0,15.0,38.0,1.0
1726,57.0,15.0,39.0,1.0
1727,58.0,15.0,39.0,1.0
1728,59.0,15.0,39.0,1.0
1729,60.0,15.0,39.0,4.0
1730,61.0,15.0,39.0,4.0
1731,62.0,15.0,39.0,4.0
1732,63.0,15.0,39.0,4.0
1733,64.0,15.0,39.0,4.0
1734,65.0,15.0,39.0,5.0
1735,66.0,15.0,39.0,5.0
1736,67.0,15.0,39.0,5.0
1737,68.0,15.0,39.0,5.0
1738,69.0,15.0,39.0,1.0
1739,70.0,15.0,39.0,1.0
1740,71.0,15.0,39.0,1.0
1741,72.0,15.0,39.0,1.0
1742,73.0,15.0,39.0,1.0
1743,74.0,15.0,39.0,1.0
1744,75.0,15.0,41.0,1.0
128,76.0,15.0,41.0,4.0
1745,77.0,15.0,41.0,4.0
1746,78.0,15.0,41.0,4.0
138,79.0,15.0,41.0,4.0
143,80.0,15.0,41.0,5.0
148,81.0,15.0,41.0,5.0
1747,82.0,15.0,41.0,5.0
156,83.0,15.0,41.0,5.0
162,84.0,15.0,41.0,5.0
1748,85.0,15.0,41.0,5.0
169,86.0,15.0,41.0,5.0
173,87.0,15.0,41.0,5.0
1749,88.0,15.0,41.0,4.0
1750,89.0,15.0,41.0,4.0
1751,90.0,15.0,41.0,4.0
193,91.0,15.0,41.0,4.0
1752,92.0,15.0,41.0,4.0
1753,93.0,15.0,41.0,4.0
201,94.0,15.0,41.0,7.0
1754,95.0,15.0,41.0,6.0
204,96.0,15.0,42.0,6.0
1755,97.0,15.0,42.0,6.0
207,98.0,15.0,42.0,1.0
1756,99.0,15.0,42.0,1.0
211,100.0,15.0,42.0,4.0
1757,101.0,15.0,42.0,4.0
215,102.0,15.0,42.0,4.0
1758,103.0,15.0,42.0,4.0
1759,104.0,15.0,42.0,4.0
1760,0.0,16.0,39.0,3.0
1761,1.0,16.0,39.0,3.0
1762,2.0,16.0,39.0,3.0
1763,3.0,16.0,39.0,3.0
1764,4.0,16.0,39.0,3.0
1765,5.0,16.0,39.0,3.0
1766,6.0,16.0,39.0,3.0
1767,7.0,16.0,39.0,3.0
1768,8.0,16.0,39.0,3.0
1769,9.0,16.0,39.0,3.0
1770,10.0,16.0,39.0,3.0
1771,11.0,16.0,37.0,3.0
1772,12.0,16.0,37.0,6.0
1773,13.0,16.0,37.0,6.0
1774,14.0,16.0,37.0,6.0
1775,15.0,16.0,37.0,6.0
1776,16.0,16.0,37.0,6.0
1777,17.0,16.0,37.0,6.0
1778,18.0,16.0,37.0,6.0
1779,19.0,16.0,37.0,6.0
1780,20.0,16.0,37.0,1.0
1781,21.0,16.0,37.0,1.0
1782,22.0,16.0,37.0,4.0
1783,23.0,16.0,37.0,4.0
1784,24.0,16.0,37.0,4.0
1785,25.0,16.0,37.0,1.0
1786,26.0,16.0,37.0,1.0
1787,27.0,16.0,37.0,1.0
1788,28.0,16.0,37.0,1.0
1789,29.0,16.0,37.0,6.0
1790,30.0,16.0,37.0,6.0
1791,31.0,16.0,37.0,6.0
1792,32.0,16.0,37.0,6.0
1793,33.0,16.0,37.0,6.0
1794,34.0,16.0,37.0,2.0
1795,35.0,16.0,39.0,2.0
1796,36.0,16.0,39.0,2.0
1797,37.0,16.0,39.0,2.0
1798,38.0,16.0,39.0,2.0
1799,39.0,16.0,39.0,2.0
1800,40.0,16.0,39.0,2.0
1801,41.0,16.0,39.0,2.0
1802,42.0,16.0,39.0,2.0
1803,43.0,16.0,39.0,2.0
1804,44.0,16.0,39.0,2.0
1805,45.0,16.0,39.0,2.0
1806,46.0,16.0,38.0,4.0
1807,47.0,16.0,38.0,4.0
1808,48.0,16.0,38.0,4.0
1809,49.0,16.0,38.0,4.0
45,50.0,16.0,38.0,4.0
1810,51.0,16.0,38.0,4.0
1811,52.0,16.0,38.0,4.0
1812,53.0,16.0,38.0,4.0
53,54.0,16.0,38.0,1.0
1813,55.0,16.0,38.0,4.0
1814,56.0,16.0,38.0,4.0
1815,57.0,16.0,38.0,4.0
1816,58.0,16.0,39.0,1.0
1817,59.0,16.0,39.0,1.0
1818,60.0,16.0,39.0,1.0
1819,61.0,16.0,39.0,1.0
1820,62.0,16.0,39.0,4.0
1821,63.0,16.0,39.0,4.0
1822,64.0,16.0,39.0,4.0
1823,65.0,16.0,39.0,2.0
1824,66.0,16.0,39.0,5.0
1825,67.0,16.0,39.0,1.0
1826,68.0,16.0,39.0,1.0
1827,69.0,16.0,39.0,1.0
103,70.0,16.0,39.0,1.0
1828,71.0,16.0,39.0,1.0
110,72.0,16.0,39.0,1.0
1829,73.0,16.0,41.0,1.0
120,74.0,16.0,41.0,1.0
1830,75.0,16.0,41.0,1.0
127,76.0,16.0,41.0,1.0
1831,77.0,16.0,41.0,4.0
1832,78.0,16.0,41.0,4.0
1833,79.0,16.0,41.0,4.0
1834,80.0,16.0,41.0,4.0
1835,81.0,16.0,41.0,5.0
1836,82.0,16.0,41.0,5.0
1837,83.0,16.0,41.0,5.0
1838,84.0,16.0,41.0,5.0
1839,85.0,16.0,41.0,5.0
1840,86.0,16.0,41.0,5.0
1841,87.0,16.0,41.0,5.0
182,88.0,16.0,41.0,4.0
1842,89.0,16.0,41.0,4.0
1843,90.0,16.0,41.0,4.0
1844,91.0,16.0,41.0,4.0
1845,92.0,16.0,41.0,1.0
1846,93.0,16.0,41.0,1.0
1847,94.0,16.0,41.0,4.0
1848,95.0,16.0,42.0,1.0
1849,96.0,16.0,42.0,1.0
1850,97.0,16.0,42.0,1.0
1851,98.0,16.0,42.0,1.0
1852,99.0,16.0,42.0,4.0
1853,100.0,16.0,42.0,4.0
1854,101.0,16.0,42.0,4.0
1855,102.0,16.0,42.0,4.0
1856,103.0,16.0,42.0,4.0
1857,104.0,16.0,42.0,4.0
1858,0.0,17.0,39.0,3.0
1859,1.0,17.0,39.0,3.0
1860,2.0,17.0,39.0,3.0
1861,3.0,17.0,39.0,3.0
1862,4.0,17.0,39.0,3.0
1863,5.0,17.0,39.0,3.0
1864,6.0,17.0,39.0,3.0
1,7.0,17.0,39.0,3.0
1865,8.0,17.0,39.0,3.0
4,9.0,17.0,37.0,7.0
1866,10.0,17.0,39.0,3.0
1867,11.0,17.0,37.0,3.0
1868,12.0,17.0,37.0,3.0
1869,13.0,17.0,37.0,6.0
1870,14.0,17.0,37.0,6.0
1871,15.0,17.0,37.0,6.0
1872,16.0,17.0,37.0,6.0
1873,17.0,17.0,37.0,6.0
1874,18.0,17.0,37.0,6.0
1875,19.0,17.0,37.0,6.0
1876,20.0,17.0,37.0,1.0
1877,21.0,17.0,37.0,1.0
1878,22.0,17.0,37.0,4.0
1879,23.0,17.0,37.0,4.0
1880,24.0,17.0,37.0,4.0
1881,25.0,17.0,37.0,1.0
1882,26.0,17.0,37.0,1.0
1883,27.0,17.0,37.0,1.0
1884,28.0,17.0,37.0,1.0
1885,29.0,17.0,37.0,6.0
1886,30.0,17.0,37.0,6.0
1887,31.0,17.0,37.0,6.0
1888,32.0,17.0,37.0,6.0
1889,33.0,17.0,37.0,6.0
1890,34.0,17.0,37.0,2.0
1891,35.0,17.0,39.0,2.0
1892,36.0,17.0,39.0,2.0
1893,37.0,17.0,39.0,2.0
1894,38.0,17.0,39.0,2.0
1895,39.0,17.0,39.0,2.0
1896,40.0,17.0,38.0,2.0
1897,41.0,17.0,38.0,2.0
1898,42.0,17.0,38.0,6.0
1899,43.0,17.0,38.0,6.0
1900,44.0,17.0,38.0,6.0
1901,45.0,17.0,38.0,1.0
1902,46.0,17.0,38.0,4.0
1903,47.0,17.0,38.0,4.0
1904,48.0,17.0,38.0,4.0
1905,49.0,17.0,38.0,4.0
1906,50.0,17.0,38.0,4.0
1907,51.0,17.0,38.0,4.0
51,52.0,17.0,38.0,4.0
1908,53.0,17.0,38.0,4.0
1909,54.0,17.0,38.0,4.0
1910,55.0,17.0,38.0,4.0
1911,56.0,17.0,38.0,4.0
1912,57.0,17.0,38.0,4.0
1913,58.0,17.0,38.0,1.0
1914,59.0,17.0,38.0,6.0
1915,60.0,17.0,38.0,6.0
1916,61.0,17.0,38.0,6.0
1917,62.0,17.0,41.0,2.0
1918,63.0,17.0,41.0,2.0
1919,64.0,17.0,41.0,2.0
1920,65.0,17.0,41.0,2.0
1921,66.0,17.0,41.0,2.0
1922,67.0,17.0,41.0,2.0
1923,68.0,17.0,41.0,6.0
1924,69.0,17.0,41.0,6.0
1925,70.0,17.0,41.0,6.0
1926,71.0,17.0,41.0,6.0
1927,72.0,17.0,41.0,1.0
1928,73.0,17.0,41.0,1.0
1929,74.0,17.0,41.0,1.0
1930,75.0,17.0,41.0,1.0
1931,76.0,17.0,41.0,1.0
1932,77.0,17.0,41.0,4.0
1933,78.0,17.0,41.0,4.0
136,79.0,17.0,41.0,4.0
1934,80.0,17.0,41.0,4.0
1935,81.0,17.0,41.0,5.0
1936,82.0,17.0,41.0,5.0
1937,83.0,17.0,41.0,5.0
1938,84.0,17.0,41.0,5.0
1939,85.0,17.0,41.0,5.0
1940,86.0,17.0,41.0,5.0
1941,87.0,17.0,41.0,4.0
1942,88.0,17.0,41.0,4.0
1943,89.0,17.0,41.0,4.0
1944,90.0,17.0,41.0,4.0
191,91.0,17.0,41.0,1.0
1945,92.0,17.0,41.0,1.0
1946,93.0,17.0,41.0,1.0
1947,94.0,17.0,41.0,1.0
1948,95.0,17.0,42.0,4.0
1949,96.0,17.0,42.0,4.0
1950,97.0,17.0,42.0,4.0
210,98.0,17.0,42.0,4.0
1951,99.0,17.0,42.0,4.0
213,100.0,17.0,42.0,4.0
1952,101.0,17.0,42.0,4.0
216,102.0,17.0,42.0,4.0
1953,103.0,17.0,42.0,4.0
1954,104.0,17.0,42.0,4.0
1955,0.0,18.0,39.0,3.0
1956,1.0,18.0,39.0,7.0
1957,2.0,18.0,39.0,7.0
1958,3.0,18.0,39.0,7.0
1959,4.0,18.0,39.0,7.0
1960,5.0,18.0,39.0,7.0
1961,6.0,18.0,39.0,7.0
1962,7.0,18.0,39.0,7.0
1963,8.0,18.0,39.0,3.0
1964,9.0,18.0,39.0,3.0
1965,10.0,18.0,39.0,3.0
1966,11.0,18.0,39.0,3.0
1967,12.0,18.0,37.0,3.0
1968,13.0,18.0,37.0,3.0
1969,14.0,18.0,37.0,6.0
1970,15.0,18.0,37.0,6.0
1971,16.0,18.0,37.0,6.0
1972,17.0,18.0,37.0,6.0
1973,18.0,18.0,37.0,6.0
1974,19.0,18.0,37.0,6.0
1975,20.0,18.0,37.0,1.0
1976,21.0,18.0,37.0,1.0
1977,22.0,18.0,37.0,4.0
1978,23.0,18.0,37.0,4.0
1979,24.0,18.0,37.0,4.0
1980,25.0,18.0,37.0,1.0
1981,26.0,18.0,37.0,1.0
1982,27.0,18.0,37.0,1.0
1983,28.0,18.0,37.0,1.0
1984,29.0,18.0,37.0,6.0
1985,30.0,18.0,37.0,6.0
1986,31.0,18.0,37.0,6.0
1987,32.0,18.0,37.0,6.0
1988,33.0,18.0,37.0,6.0
1989,34.0,18.0,37.0,2.0
1990,35.0,18.0,39.0,2.0
1991,36.0,18.0,39.0,2.0
1992,37.0,18.0,39.0,2.0
1993,38.0,18.0,39.0,2.0
1994,39.0,18.0,38.0,2.0
1995,40.0,18.0,38.0,6.0
1996,41.0,18.0,38.0,6.0
1997,42.0,18.0,38.0,6.0
1998,43.0,18.0,38.0,6.0
1999,44.0,18.0,38.0,6.0
2000,45.0,18.0,38.0,1.0
2001,46.0,18.0,38.0,1.0
2002,47.0,18.0,38.0,4.0
2003,48.0,18.0,38.0,4.0
2004,49.0,18.0,38.0,4.0
44,50.0,18.0,38.0,4.0
2005,51.0,18.0,38.0,4.0
48,52.0,18.0,38.0,4.0
2006,53.0,18.0,38.0,4.0
55,54.0,18.0,38.0,4.0
2007,55.0,18.0,38.0,4.0
2008,56.0,18.0,38.0,4.0
2009,57.0,18.0,38.0,1.0
2010,58.0,18.0,38.0,1.0
2011,59.0,18.0,38.0,6.0
2012,60.0,18.0,38.0,6.0
2013,61.0,18.0,38.0,6.0
2014,62.0,18.0,41.0,2.0
2015,63.0,18.0,41.0,2.0
2016,64.0,18.0,41.0,2.0
2017,65.0,18.0,41.0,2.0
2018,66.0,18.0,41.0,2.0
2019,67.0,18.0,41.0,2.0
2020,68.0,18.0,41.0,6.0
2021,69.0,18.0,41.0,6.0
102,70.0,18.0,41.0,6.0
2022,71.0,18.0,41.0,6.0
111,72.0,18.0,41.0,6.0
2023,73.0,18.0,41.0,1.0
121,74.0,18.0,41.0,1.0
2024,75.0,18.0,41.0,1.0
2025,76.0,18.0,41.0,1.0
2026,77.0,18.0,41.0,4.0
2027,78.0,18.0,41.0,4.0
2028,79.0,18.0,41.0,4.0
2029,80.0,18.0,41.0,4.0
2030,81.0,18.0,41.0,4.0
2031,82.0,18.0,41.0,5.0
157,83.0,18.0,41.0,5.0
2032,84.0,18.0,41.0,5.0
164,85.0,18.0,41.0,5.0
170,86.0,18.0,41.0,4.0
2033,87.0,18.0,41.0,4.0
180,88.0,18.0,41.0,4.0
2034,89.0,18.0,41.0,4.0
2035,90.0,18.0,41.0,4.0
2036,91.0,18.0,41.0,1.0
2037,92.0,18.0,41.0,1.0
2038,93.0,18.0,41.0,1.0
2039,94.0,18.0,41.0,1.0
2040,95.0,18.0,41.0,1.0
2041,96.0,18.0,42.0,4.0
2042,97.0,18.0,42.0,4.0
209,98.0,18.0,42.0,4.0
2043,99.0,18.0,42.0,4.0
214,100.0,18.0,42.0,4.0
2044,101.0,18.0,42.0,4.0
217,102.0,18.0,42.0,5.0
2045,103.0,18.0,42.0,4.0
2046,104.0,18.0,42.0,4.0
2047,0.0,19.0,39.0,7.0
2048,1.0,19.0,39.0,7.0
2049,2.0,19.0,39.0,7.0
2050,3.0,19.0,39.0,7.0
2051,4.0,19.0,39.0,7.0
2052,5.0,19.0,39.0,7.0
2053,6.0,19.0,39.0,7.0
2054,7.0,19.0,39.0,7.0
2055,8.0,19.0,39.0,3.0
2056,9.0,19.0,39.0,3.0
2057,10.0,19.0,39.0,3.0
2058,11.0,19.0,39.0,3.0
2059,12.0,19.0,39.0,3.0
2060,13.0,19.0,37.0,3.0
2061,14.0,19.0,37.0,6.0
2062,15.0,19.0,37.0,6.0
2063,16.0,19.0,37.0,6.0
2064,17.0,19.0,37.0,6.0
2065,18.0,19.0,37.0,6.0
2066,19.0,19.0,37.0,6.0
2067,20.0,19.0,37.0,1.0
2068,21.0,19.0,37.0,1.0
2069,22.0,19.0,37.0,4.0
2070,23.0,19.0,37.0,4.0
2071,24.0,19.0,37.0,4.0
2072,25.0,19.0,37.0,1.0
2073,26.0,19.0,37.0,1.0
2074,27.0,19.0,37.0,1.0
2075,28.0,19.0,37.0,1.0
2076,29.0,19.0,37.0,6.0
2077,30.0,19.0,37.0,6.0
2078,31.0,19.0,37.0,6.0
2079,32.0,19.0,37.0,6.0
2080,33.0,19.0,37.0,6.0
2081,34.0,19.0,37.0,2.0
2082,35.0,19.0,39.0,2.0
2083,36.0,19.0,37.0,2.0
2084,37.0,19.0,38.0,2.0
2085,38.0,19.0,38.0,6.0
2086,39.0,19.0,38.0,6.0
2087,40.0,19.0,38.0,6.0
2088,41.0,19.0,38.0,6.0
2089,42.0,19.0,38.0,6.0
2090,43.0,19.0,38.0,6.0
2091,44.0,19.0,38.0,6.0
2092,45.0,19.0,38.0,1.0
2093,46.0,19.0,38.0,1.0
2094,47.0,19.0,38.0,4.0
2095,48.0,19.0,38.0,4.0
2096,49.0,19.0,38.0,4.0
2097,50.0,19.0,38.0,4.0
2098,51.0,19.0,38.0,4.0
2099,52.0,19.0,38.0,4.0
2100,53.0,19.0,38.0,4.0
2101,54.0,19.0,38.0,4.0
2102,55.0,19.0,38.0,4.0
2103,56.0,19.0,38.0,4.0
2104,57.0,19.0,38.0,1.0
2105,58.0,19.0,38.0,1.0
2106,59.0,19.0,38.0,6.0
2107,60.0,19.0,38.0,6.0
2108,61.0,19.0,38.0,6.0
2109,62.0,19.0,41.0,2.0
2110,63.0,19.0,41.0,2.0
2111,64.0,19.0,41.0,2.0
2112,65.0,19.0,41.0,2.0
2113,66.0,19.0,41.0,2.0
2114,67.0,19.0,41.0,2.0
2115,68.0,19.0,41.0,6.0
2116,69.0,19.0,41.0,6.0
2117,70.0,19.0,41.0,6.0
2118,71.0,19.0,41.0,6.0
2119,72.0,19.0,41.0,6.0
2120,73.0,19.0,41.0,1.0
2121,74.0,19.0,41.0,1.0
126,75.0,19.0,41.0,4.0
2122,76.0,19.0,41.0,4.0
2123,77.0,19.0,41.0,4.0
134,78.0,19.0,41.0,4.0
142,79.0,19.0,41.0,4.0
2124,80.0,19.0,41.0,4.0
2125,81.0,19.0,41.0,5.0
2126,82.0,19.0,41.0,5.0
2127,83.0,19.0,41.0,5.0
2128,84.0,19.0,41.0,5.0
2129,85.0,19.0,41.0,5.0
2130,86.0,19.0,41.0,5.0
2131,87.0,19.0,41.0,4.0
178,88.0,19.0,41.0,5.0
2132,89.0,19.0,41.0,4.0
188,90.0,19.0,41.0,4.0
2133,91.0,19.0,41.0,1.0
196,92.0,19.0,41.0,1.0
2134,93.0,19.0,41.0,1.0
2135,94.0,19.0,41.0,1.0
2136,95.0,19.0,42.0,4.0
2137,96.0,19.0,42.0,4.0
2138,97.0,19.0,42.0,4.0
2139,98.0,19.0,42.0,4.0
2140,99.0,19.0,42.0,4.0
2141,100.0,19.0,42.0,4.0
2142,101.0,19.0,42.0,4.0
2143,102.0,19.0,42.0,4.0
2144,103.0,19.0,42.0,4.0
2145,104.0,19.0,42.0,4.0
2146,0.0,20.0,39.0,7.0
2147,1.0,20.0,39.0,7.0
2148,2.0,20.0,39.0,7.0
2149,3.0,20.0,39.0,7.0
2150,4.0,20.0,39.0,7.0
2151,5.0,20.0,39.0,7.0
2152,6.0,20.0,39.0,7.0
2153,7.0,20.0,39.0,7.0
2154,8.0,20.0,39.0,3.0
2155,9.0,20.0,39.0,3.0
2156,10.0,20.0,39.0,3.0
2157,11.0,20.0,39.0,3.0
2158,12.0,20.0,39.0,3.0
2159,13.0,20.0,37.0,3.0
2160,14.0,20.0,37.0,6.0
2161,15.0,20.0,37.0,6.0
2162,16.0,20.0,37.0,6.0
2163,17.0,20.0,37.0,6.0
2164,18.0,20.0,37.0,6.0
2165,19.0,20.0,37.0,6.0
2166,20.0,20.0,37.0,1.0
2167,21.0,20.0,37.0,1.0
2168,22.0,20.0,37.0,4.0
2169,23.0,20.0,37.0,4.0
2170,24.0,20.0,37.0,4.0
2171,25.0,20.0,37.0,1.0
2172,26.0,20.0,37.0,1.0
2173,27.0,20.0,37.0,1.0
2174,28.0,20.0,37.0,1.0
2175,29.0,20.0,37.0,6.0
2176,30.0,20.0,37.0,6.0
2177,31.0,20.0,37.0,6.0
2178,32.0,20.0,37.0,6.0
2179,33.0,20.0,37.0,6.0
2180,34.0,20.0,37.0,2.0
2181,35.0,20.0,38.0,2.0
2182,36.0,20.0,38.0,6.0
2183,37.0,20.0,38.0,6.0
2184,38.0,20.0,38.0,6.0
2185,39.0,20.0,38.0,6.0
2186,40.0,20.0,38.0,6.0
2187,41.0,20.0,38.0,6.0
2188,42.0,20.0,38.0,6.0
2189,43.0,20.0,38.0,6.0
2190,44.0,20.0,38.0,6.0
2191,45.0,20.0,38.0,1.0
2192,46.0,20.0,38.0,1.0
2193,47.0,20.0,38.0,4.0
2194,48.0,20.0,38.0,4.0
2195,49.0,20.0,38.0,4.0
41,50.0,20.0,38.0,4.0
2196,51.0,20.0,38.0,4.0
2197,52.0,20.0,38.0,4.0
2198,53.0,20.0,38.0,4.0
52,54.0,20.0,38.0,4.0
2199,55.0,20.0,38.0,4.0
2200,56.0,20.0,38.0,1.0
2201,57.0,20.0,38.0,1.0
2202,58.0,20.0,38.0,1.0
2203,59.0,20.0,38.0,6.0
70,60.0,20.0,38.0,6.0
74,61.0,20.0,38.0,6.0
2204,62.0,20.0,41.0,2.0
79,63.0,20.0,41.0,2.0
84,64.0,20.0,41.0,2.0
86,65.0,20.0,41.0,2.0
2205,66.0,20.0,41.0,2.0
91,67.0,20.0,41.0,2.0
2206,68.0,20.0,41.0,6.0
95,69.0,20.0,41.0,6.0
2207,70.0,20.0,41.0,6.0
2208,71.0,20.0,41.0,6.0
2209,72.0,20.0,41.0,1.0
2210,73.0,20.0,41.0,1.0
2211,74.0,20.0,41.0,1.0
2212,75.0,20.0,41.0,1.0
2213,76.0,20.0,41.0,4.0
2214,77.0,20.0,41.0,4.0
2215,78.0,20.0,41.0,4.0
2216,79.0,20.0,41.0,4.0
2217,80.0,20.0,41.0,4.0
2218,81.0,20.0,41.0,5.0
2219,82.0,20.0,41.0,5.0
158,83.0,20.0,41.0,5.0
2220,84.0,20.0,41.0,5.0
165,85.0,20.0,41.0,5.0
2221,86.0,20.0,41.0,5.0
2222,87.0,20.0,41.0,5.0
2223,88.0,20.0,41.0,4.0
2224,89.0,20.0,41.0,4.0
2225,90.0,20.0,41.0,1.0
2226,91.0,20.0,41.0,1.0
2227,92.0,20.0,41.0,1.0
2228,93.0,20.0,41.0,1.0
2229,94.0,20.0,41.0,1.0
2230,95.0,20.0,41.0,1.0
2231,96.0,20.0,42.0,4.0
2232,97.0,20.0,42.0,4.0
208,98.0,20.0,42.0,4.0
2233,99.0,20.0,42.0,4.0
2234,100.0,20.0,42.0,4.0
2235,101.0,20.0,42.0,4.0
2236,102.0,20.0,42.0,4.0
2237,103.0,20.0,42.0,4.0
2238,104.0,20.0,42.0,4.0
2239,0.0,21.0,39.0,7.0
2240,1.0,21.0,39.0,7.0
2241,2.0,21.0,39.0,7.0
2242,3.0,21.0,39.0,7.0
2243,4.0,21.0,39.0,7.0
2244,5.0,21.0,39.0,7.0
2245,6.0,21.0,39.0,7.0
2246,7.0,21.0,39.0,7.0
2247,8.0,21.0,39.0,3.0
2248,9.0,21.0,39.0,3.0
2249,10.0,21.0,39.0,3.0
2250,11.0,21.0,39.0,3.0
2251,12.0,21.0,39.0,3.0
2252,13.0,21.0,39.0,3.0
2253,14.0,21.0,37.0,3.0
2254,15.0,21.0,37.0,6.0
2255,16.0,21.0,37.0,6.0
2256,17.0,21.0,37.0,6.0
2257,18.0,21.0,37.0,6.0
2258,19.0,21.0,37.0,6.0
2259,20.0,21.0,37.0,1.0
2260,21.0,21.0,37.0,1.0
2261,22.0,21.0,37.0,4.0
2262,23.0,21.0,37.0,4.0
2263,24.0,21.0,37.0,4.0
2264,25.0,21.0,37.0,1.0
2265,26.0,21.0,37.0,1.0
2266,27.0,21.0,37.0,1.0
2267,28.0,21.0,37.0,1.0
2268,29.0,21.0,37.0,6.0
2269,30.0,21.0,37.0,6.0
2270,31.0,21.0,37.0,6.0
2271,32.0,21.0,37.0,6.0
2272,33.0,21.0,37.0,6.0
2273,34.0,21.0,38.0,6.0
2274,35.0,21.0,38.0,6.0
2275,36.0,21.0,38.0,6.0
2276,37.0,21.0,38.0,6.0
2277,38.0,21.0,38.0,6.0
2278,39.0,21.0,38.0,6.0
2279,40.0,21.0,38.0,6.0
2280,41.0,21.0,38.0,6.0
27,42.0,21.0,38.0,6.0
2281,43.0,21.0,38.0,6.0
30,44.0,21.0,38.0,6.0
35,45.0,21.0,38.0,1.0
2282,46.0,21.0,38.0,1.0
39,47.0,21.0,38.0,4.0
2283,48.0,21.0,38.0,4.0
2284,49.0,21.0,38.0,4.0
2285,50.0,21.0,38.0,4.0
2286,51.0,21.0,38.0,4.0
50,52.0,21.0,38.0,1.0
2287,53.0,21.0,38.0,1.0
2288,54.0,21.0,38.0,1.0
2289,55.0,21.0,38.0,4.0
59,56.0,21.0,38.0,7.0
2290,57.0,21.0,38.0,1.0
66,58.0,21.0,38.0,1.0
2291,59.0,21.0,38.0,6.0
2292,60.0,21.0,38.0,6.0
2293,61.0,21.0,41.0,2.0
2294,62.0,21.0,41.0,2.0
2295,63.0,21.0,41.0,2.0
2296,64.0,21.0,41.0,2.0
2297,65.0,21.0,41.0,2.0
2298,66.0,21.0,41.0,2.0
2299,67.0,21.0,41.0,2.0
2300,68.0,21.0,41.0,6.0
2301,69.0,21.0,41.0,6.0
2302,70.0,21.0,41.0,6.0
2303,71.0,21.0,41.0,6.0
2304,72.0,21.0,41.0,1.0
2305,73.0,21.0,41.0,1.0
2306,74.0,21.0,41.0,1.0
2307,75.0,21.0,41.0,1.0
2308,76.0,21.0,41.0,4.0
2309,77.0,21.0,41.0,4.0
2310,78.0,21.0,41.0,4.0
2311,79.0,21.0,41.0,4.0
2312,80.0,21.0,41.0,4.0
2313,81.0,21.0,41.0,4.0
2314,82.0,21.0,41.0,5.0
2315,83.0,21.0,41.0,5.0
2316,84.0,21.0,41.0,5.0
2317,85.0,21.0,41.0,5.0
2318,86.0,21.0,41.0,5.0
2319,87.0,21.0,41.0,5.0
2320,88.0,21.0,41.0,1.0
2321,89.0,21.0,41.0,1.0
2322,90.0,21.0,41.0,4.0
2323,91.0,21.0,41.0,1.0
2324,92.0,21.0,41.0,1.0
2325,93.0,21.0,41.0,1.0
2326,94.0,21.0,41.0,1.0
2327,95.0,21.0,41.0,1.0
2328,96.0,21.0,42.0,4.0
2329,97.0,21.0,42.0,4.0
2330,98.0,21.0,42.0,4.0
2331,99.0,21.0,42.0,4.0
2332,100.0,21.0,42.0,4.0
2333,101.0,21.0,42.0,4.0
2334,102.0,21.0,42.0,4.0
2335,103.0,21.0,42.0,4.0
2336,104.0,21.0,42.0,4.0
2337,0.0,22.0,39.0,7.0
2338,1.0,22.0,39.0,7.0
2339,2.0,22.0,39.0,7.0
2340,3.0,22.0,39.0,7.0
2341,4.0,22.0,39.0,7.0
2342,5.0,22.0,39.0,7.0
2343,6.0,22.0,39.0,7.0
2344,7.0,22.0,39.0,7.0
2345,8.0,22.0,39.0,3.0
2346,9.0,22.0,39.0,3.0
2347,10.0,22.0,39.0,3.0
2348,11.0,22.0,39.0,3.0
2349,12.0,22.0,39.0,3.0
2350,13.0,22.0,39.0,3.0
2351,14.0,22.0,37.0,3.0
2352,15.0,22.0,37.0,6.0
2353,16.0,22.0,37.0,6.0
2354,17.0,22.0,37.0,6.0
2355,18.0,22.0,37.0,6.0
2356,19.0,22.0,37.0,6.0
2357,20.0,22.0,37.0,1.0
2358,21.0,22.0,37.0,1.0
2359,22.0,22.0,37.0,4.0
2360,23.0,22.0,37.0,4.0
2361,24.0,22.0,37.0,4.0
2362,25.0,22.0,37.0,1.0
2363,26.0,22.0,37.0,1.0
2364,27.0,22.0,37.0,1.0
2365,28.0,22.0,37.0,1.0
2366,29.0,22.0,37.0,6.0
2367,30.0,22.0,37.0,6.0
2368,31.0,22.0,37.0,6.0
2369,32.0,22.0,37.0,6.0
2370,33.0,22.0,38.0,6.0
2371,34.0,22.0,38.0,6.0
2372,35.0,22.0,38.0,6.0
2373,36.0,22.0,38.0,6.0
2374,37.0,22.0,38.0,6.0
2375,38.0,22.0,38.0,6.0
2376,39.0,22.0,38.0,6.0
2377,40.0,22.0,38.0,6.0
2378,41.0,22.0,38.0,6.0
2379,42.0,22.0,38.0,6.0
2380,43.0,22.0,38.0,6.0
2381,44.0,22.0,38.0,6.0
2382,45.0,22.0,38.0,6.0
2383,46.0,22.0,38.0,1.0
2384,47.0,22.0,38.0,4.0
2385,48.0,22.0,38.0,4.0
2386,49.0,22.0,38.0,4.0
2387,50.0,22.0,38.0,1.0
2388,51.0,22.0,38.0,1.0
2389,52.0,22.0,38.0,1.0
2390,53.0,22.0,38.0,1.0
2391,54.0,22.0,38.0,1.0
2392,55.0,22.0,38.0,4.0
2393,56.0,22.0,38.0,1.0
2394,57.0,22.0,38.0,1.0
2395,58.0,22.0,38.0,1.0
2396,59.0,22.0,38.0,6.0
2397,60.0,22.0,41.0,2.0
2398,61.0,22.0,41.0,2.0
2399,62.0,22.0,41.0,2.0
2400,63.0,22.0,41.0,2.0
2401,64.0,22.0,41.0,2.0
2402,65.0,22.0,41.0,2.0
2403,66.0,22.0,41.0,2.0
2404,67.0,22.0,41.0,2.0
2405,68.0,22.0,41.0,6.0
2406,69.0,22.0,41.0,6.0
2407,70.0,22.0,41.0,6.0
2408,71.0,22.0,41.0,6.0
2409,72.0,22.0,41.0,1.0
2410,73.0,22.0,41.0,1.0
119,74.0,22.0,41.0,1.0
2411,75.0,22.0,41.0,1.0
2412,76.0,22.0,41.0,1.0
2413,77.0,22.0,41.0,4.0
2414,78.0,22.0,41.0,4.0
2415,79.0,22.0,41.0,4.0
2416,80.0,22.0,41.0,4.0
2417,81.0,22.0,41.0,5.0
2418,82.0,22.0,41.0,5.0
2419,83.0,22.0,41.0,5.0
2420,84.0,22.0,41.0,5.0
2421,85.0,22.0,41.0,5.0
2422,86.0,22.0,41.0,5.0
2423,87.0,22.0,41.0,4.0
177,88.0,22.0,41.0,4.0
2424,89.0,22.0,41.0,4.0
189,90.0,22.0,41.0,1.0
2425,91.0,22.0,41.0,1.0
198,92.0,22.0,41.0,1.0
2426,93.0,22.0,41.0,1.0
2427,94.0,22.0,41.0,1.0
2428,95.0,22.0,41.0,1.0
2429,96.0,22.0,42.0,4.0
2430,97.0,22.0,42.0,4.0
2431,98.0,22.0,42.0,4.0
2432,99.0,22.0,42.0,4.0
2433,100.0,22.0,42.0,4.0
2434,101.0,22.0,42.0,4.0
2435,102.0,22.0,42.0,4.0
2436,103.0,22.0,42.0,4.0
2437,104.0,22.0,42.0,4.0
2438,0.0,23.0,39.0,7.0
2439,1.0,23.0,39.0,7.0
2440,2.0,23.0,39.0,7.0
2441,3.0,23.0,39.0,7.0
2442,4.0,23.0,39.0,7.0
2443,5.0,23.0,39.0,7.0
2444,6.0,23.0,39.0,7.0
2445,7.0,23.0,39.0,7.0
2446,8.0,23.0,39.0,3.0
2447,9.0,23.0,39.0,3.0
2448,10.0,23.0,39.0,3.0
2449,11.0,23.0,39.0,3.0
2450,12.0,23.0,39.0,3.0
2451,13.0,23.0,39.0,3.0
2452,14.0,23.0,37.0,3.0
2453,15.0,23.0,37.0,6.0
2454,16.0,23.0,37.0,6.0
2455,17.0,23.0,37.0,6.0
2456,18.0,23.0,37.0,6.0
2457,19.0,23.0,37.0,6.0
2458,20.0,23.0,37.0,1.0
2459,21.0,23.0,37.0,1.0
2460,22.0,23.0,37.0,4.0
2461,23.0,23.0,37.0,4.0
2462,24.0,23.0,37.0,4.0
2463,25.0,23.0,37.0,1.0
2464,26.0,23.0,37.0,1.0
2465,27.0,23.0,37.0,1.0
2466,28.0,23.0,37.0,1.0
2467,29.0,23.0,37.0,6.0
2468,30.0,23.0,37.0,6.0
2469,31.0,23.0,37.0,6.0
2470,32.0,23.0,38.0,6.0
2471,33.0,23.0,38.0,6.0
2472,34.0,23.0,38.0,6.0
2473,35.0,23.0,38.0,6.0
2474,36.0,23.0,38.0,6.0
2475,37.0,23.0,38.0,6.0
2476,38.0,23.0,38.0,6.0
2477,39.0,23.0,38.0,6.0
2478,40.0,23.0,38.0,6.0
2479,41.0,23.0,38.0,6.0
26,42.0,23.0,38.0,6.0
2480,43.0,23.0,38.0,6.0
31,44.0,23.0,38.0,6.0
34,45.0,23.0,38.0,6.0
2481,46.0,23.0,38.0,6.0
38,47.0,23.0,38.0,4.0
2482,48.0,23.0,38.0,1.0
2483,49.0,23.0,38.0,1.0
2484,50.0,23.0,38.0,1.0
2485,51.0,23.0,38.0,1.0
2486,52.0,23.0,38.0,1.0
2487,53.0,23.0,38.0,1.0
2488,54.0,23.0,38.0,1.0
57,55.0,23.0,38.0,6.0
2489,56.0,23.0,38.0,6.0
2490,57.0,23.0,38.0,6.0
65,58.0,23.0,38.0,6.0
2491,59.0,23.0,38.0,6.0
71,60.0,23.0,41.0,2.0
2492,61.0,23.0,41.0,2.0
78,62.0,23.0,41.0,2.0
2493,63.0,23.0,41.0,2.0
2494,64.0,23.0,41.0,2.0
2495,65.0,23.0,41.0,2.0
2496,66.0,23.0,41.0,2.0
2497,67.0,23.0,41.0,2.0
2498,68.0,23.0,41.0,6.0
96,69.0,23.0,41.0,6.0
2499,70.0,23.0,41.0,6.0
106,71.0,23.0,41.0,6.0
2500,72.0,23.0,41.0,1.0
112,73.0,23.0,41.0,1.0
2501,74.0,23.0,41.0,1.0
2502,75.0,23.0,41.0,1.0
2503,76.0,23.0,41.0,1.0
2504,77.0,23.0,41.0,1.0
2505,78.0,23.0,41.0,4.0
2506,79.0,23.0,41.0,4.0
144,80.0,23.0,41.0,4.0
2507,81.0,23.0,41.0,5.0
2508,82.0,23.0,41.0,5.0
155,83.0,23.0,41.0,5.0
2509,84.0,23.0,41.0,5.0
166,85.0,23.0,41.0,5.0
2510,86.0,23.0,41.0,4.0
2511,87.0,23.0,41.0,4.0
2512,88.0,23.0,41.0,4.0
2513,89.0,23.0,41.0,4.0
2514,90.0,23.0,41.0,1.0
2515,91.0,23.0,41.0,1.0
2516,92.0,23.0,41.0,1.0
2517,93.0,23.0,41.0,1.0
2518,94.0,23.0,41.0,1.0
2519,95.0,23.0,41.0,1.0
2520,96.0,23.0,42.0,1.0
2521,97.0,23.0,42.0,4.0
2522,98.0,23.0,42.0,4.0
2523,99.0,23.0,42.0,4.0
2524,100.0,23.0,42.0,4.0
2525,101.0,23.0,42.0,4.0
2526,102.0,23.0,42.0,4.0
2527,103.0,23.0,42.0,4.0
2528,104.0,23.0,42.0,4.0
2529,0.0,24.0,39.0,7.0
2530,1.0,24.0,39.0,7.0
2531,2.0,24.0,39.0,7.0
2532,3.0,24.0,39.0,7.0
2533,4.0,24.0,39.0,7.0
2534,5.0,24.0,39.0,7.0
2535,6.0,24.0,39.0,7.0
2536,7.0,24.0,39.0,7.0
2537,8.0,24.0,39.0,3.0
2538,9.0,24.0,39.0,3.0
2539,10.0,24.0,39.0,3.0
2540,11.0,24.0,39.0,3.0
2541,12.0,24.0,39.0,3.0
2542,13.0,24.0,39.0,3.0
2543,14.0,24.0,39.0,3.0
2544,15.0,24.0,37.0,3.0
2545,16.0,24.0,37.0,6.0
2546,17.0,24.0,37.0,6.0
2547,18.0,24.0,37.0,6.0
2548,19.0,24.0,37.0,6.0
2549,20.0,24.0,37.0,1.0
2550,21.0,24.0,37.0,1.0
2551,22.0,24.0,37.0,4.0
2552,23.0,24.0,37.0,4.0
2553,24.0,24.0,37.0,4.0
2554,25.0,24.0,37.0,1.0
2555,26.0,24.0,37.0,1.0
2556,27.0,24.0,37.0,1.0
2557,28.0,24.0,37.0,1.0
2558,29.0,24.0,37.0,6.0
2559,30.0,24.0,37.0,6.0
2560,31.0,24.0,38.0,6.0
2561,32.0,24.0,38.0,6.0
2562,33.0,24.0,38.0,6.0
2563,34.0,24.0,38.0,6.0
2564,35.0,24.0,38.0,6.0
2565,36.0,24.0,38.0,6.0
2566,37.0,24.0,38.0,6.0
2567,38.0,24.0,38.0,6.0
2568,39.0,24.0,38.0,6.0
2569,40.0,24.0,38.0,6.0
2570,41.0,24.0,38.0,6.0
2571,42.0,24.0,38.0,6.0
2572,43.0,24.0,38.0,6.0
2573,44.0,24.0,38.0,6.0
33,45.0,24.0,38.0,6.0
2574,46.0,24.0,38.0,6.0
37,47.0,24.0,38.0,1.0
2575,48.0,24.0,38.0,1.0
40,49.0,24.0,38.0,1.0
2576,50.0,24.0,38.0,1.0
2577,51.0,24.0,38.0,1.0
46,52.0,24.0,38.0,1.0
2578,53.0,24.0,38.0,1.0
2579,54.0,24.0,38.0,1.0
2580,55.0,24.0,38.0,1.0
2581,56.0,24.0,38.0,6.0
2582,57.0,24.0,38.0,6.0
2583,58.0,24.0,38.0,6.0
2584,59.0,24.0,41.0,2.0
2585,60.0,24.0,41.0,2.0
2586,61.0,24.0,41.0,2.0
2587,62.0,24.0,41.0,2.0
2588,63.0,24.0,41.0,2.0
2589,64.0,24.0,41.0,2.0
2590,65.0,24.0,41.0,2.0
2591,66.0,24.0,41.0,2.0
2592,67.0,24.0,41.0,6.0
2593,68.0,24.0,41.0,6.0
2594,69.0,24.0,41.0,6.0
2595,70.0,24.0,41.0,6.0
2596,71.0,24.0,41.0,6.0
2597,72.0,24.0,41.0,1.0
2598,73.0,24.0,41.0,1.0
2599,74.0,24.0,41.0,1.0
2600,75.0,24.0,41.0,1.0
2601,76.0,24.0,41.0,1.0
2602,77.0,24.0,41.0,1.0
2603,78.0,24.0,41.0,4.0
2604,79.0,24.0,41.0,4.0
2605,80.0,24.0,41.0,5.0
2606,81.0,24.0,41.0,5.0
2607,82.0,24.0,41.0,5.0
2608,83.0,24.0,41.0,5.0
2609,84.0,24.0,41.0,5.0
2610,85.0,24.0,41.0,5.0
2611,86.0,24.0,41.0,4.0
2612,87.0,24.0,41.0,4.0
176,88.0,24.0,41.0,4.0
2613,89.0,24.0,41.0,4.0
187,90.0,24.0,41.0,1.0
2614,91.0,24.0,41.0,1.0
197,92.0,24.0,41.0,1.0
2615,93.0,24.0,41.0,1.0
2616,94.0,24.0,41.0,1.0
2617,95.0,24.0,41.0,1.0
2618,96.0,24.0,42.0,1.0
2619,97.0,24.0,42.0,1.0
2620,98.0,24.0,42.0,4.0
2621,99.0,24.0,42.0,4.0
2622,100.0,24.0,42.0,4.0
2623,101.0,24.0,42.0,4.0
2624,102.0,24.0,42.0,4.0
2625,103.0,24.0,42.0,4.0
2626,104.0,24.0,42.0,4.0
2627,0.0,25.0,39.0,7.0
2628,1.0,25.0,39.0,7.0
2629,2.0,25.0,39.0,7.0
2630,3.0,25.0,39.0,7.0
2631,4.0,25.0,39.0,7.0
2632,5.0,25.0,39.0,7.0
2633,6.0,25.0,39.0,7.0
2634,7.0,25.0,39.0,7.0
2635,8.0,25.0,39.0,3.0
2636,9.0,25.0,39.0,3.0
2637,10.0,25.0,39.0,3.0
2638,11.0,25.0,39.0,3.0
2639,12.0,25.0,39.0,3.0
2640,13.0,25.0,39.0,3.0
2641,14.0,25.0,39.0,3.0
2642,15.0,25.0,37.0,3.0
2643,16.0,25.0,37.0,6.0
2644,17.0,25.0,37.0,6.0
2645,18.0,25.0,37.0,6.0
2646,19.0,25.0,37.0,6.0
2647,20.0,25.0,37.0,1.0
2648,21.0,25.0,37.0,1.0
2649,22.0,25.0,37.0,4.0
2650,23.0,25.0,37.0,4.0
2651,24.0,25.0,37.0,4.0
2652,25.0,25.0,37.0,1.0
2653,26.0,25.0,37.0,1.0
2654,27.0,25.0,37.0,1.0
2655,28.0,25.0,37.0,1.0
2656,29.0,25.0,37.0,6.0
2657,30.0,25.0,38.0,6.0
2658,31.0,25.0,38.0,6.0
2659,32.0,25.0,38.0,6.0
2660,33.0,25.0,38.0,6.0
2661,34.0,25.0,38.0,6.0
2662,35.0,25.0,38.0,6.0
2663,36.0,25.0,38.0,6.0
2664,37.0,25.0,38.0,6.0
2665,38.0,25.0,38.0,6.0
2666,39.0,25.0,38.0,6.0
2667,40.0,25.0,38.0,6.0
24,41.0,25.0,38.0,6.0
2668,42.0,25.0,38.0,6.0
28,43.0,25.0,38.0,6.0
2669,44.0,25.0,38.0,6.0
2670,45.0,25.0,38.0,6.0
2671,46.0,25.0,38.0,6.0
2672,47.0,25.0,38.0,1.0
2673,48.0,25.0,38.0,1.0
2674,49.0,25.0,38.0,1.0
2675,50.0,25.0,38.0,1.0
2676,51.0,25.0,38.0,1.0
2677,52.0,25.0,38.0,1.0
2678,53.0,25.0,38.0,1.0
2679,54.0,25.0,38.0,1.0
2680,55.0,25.0,38.0,6.0
2681,56.0,25.0,38.0,6.0
2682,57.0,25.0,38.0,6.0
2683,58.0,25.0,38.0,6.0
2684,59.0,25.0,41.0,2.0
2685,60.0,25.0,41.0,2.0
2686,61.0,25.0,41.0,2.0
2687,62.0,25.0,41.0,2.0
2688,63.0,25.0,41.0,2.0
2689,64.0,25.0,41.0,2.0
2690,65.0,25.0,41.0,2.0
2691,66.0,25.0,41.0,2.0
2692,67.0,25.0,41.0,6.0
2693,68.0,25.0,41.0,6.0
2694,69.0,25.0,41.0,6.0
2695,70.0,25.0,41.0,6.0
2696,71.0,25.0,41.0,6.0
2697,72.0,25.0,41.0,6.0
2698,73.0,25.0,41.0,1.0
2699,74.0,25.0,41.0,1.0
2700,75.0,25.0,41.0,1.0
2701,76.0,25.0,41.0,1.0
2702,77.0,25.0,41.0,1.0
2703,78.0,25.0,41.0,1.0
2704,79.0,25.0,41.0,1.0
2705,80.0,25.0,41.0,5.0
2706,81.0,25.0,41.0,5.0
2707,82.0,25.0,41.0,5.0
2708,83.0,25.0,41.0,5.0
2709,84.0,25.0,41.0,5.0
2710,85.0,25.0,41.0,5.0
2711,86.0,25.0,41.0,4.0
2712,87.0,25.0,41.0,4.0
2713,88.0,25.0,41.0,4.0
2714,89.0,25.0,41.0,4.0
2715,90.0,25.0,41.0,1.0
2716,91.0,25.0,41.0,1.0
2717,92.0,25.0,41.0,1.0
2718,93.0,25.0,41.0,1.0
2719,94.0,25.0,41.0,1.0
2720,95.0,25.0,41.0,1.0
2721,96.0,25.0,42.0,1.0
2722,97.0,25.0,42.0,1.0
2723,98.0,25.0,42.0,1.0
2724,99.0,25.0,42.0,4.0
2725,100.0,25.0,42.0,4.0
2726,101.0,25.0,42.0,4.0
2727,102.0,25.0,42.0,4.0
2728,103.0,25.0,42.0,4.0
2729,104.0,25.0,42.0,4.0
2730,0.0,26.0,39.0,7.0
2731,1.0,26.0,39.0,7.0
2732,2.0,26.0,39.0,7.0
2733,3.0,26.0,39.0,7.0
2734,4.0,26.0,39.0,7.0
2735,5.0,26.0,39.0,7.0
2736,6.0,26.0,39.0,7.0
2737,7.0,26.0,39.0,7.0
2738,8.0,26.0,39.0,3.0
2739,9.0,26.0,39.0,3.0
2740,10.0,26.0,39.0,3.0
2741,11.0,26.0,39.0,3.0
2742,12.0,26.0,39.0,3.0
2743,13.0,26.0,39.0,3.0
2744,14.0,26.0,39.0,3.0
2745,15.0,26.0,37.0,3.0
2746,16.0,26.0,37.0,3.0
2747,17.0,26.0,37.0,6.0
2748,18.0,26.0,37.0,6.0
2749,19.0,26.0,37.0,6.0
2750,20.0,26.0,37.0,1.0
2751,21.0,26.0,37.0,1.0
2752,22.0,26.0,37.0,4.0
2753,23.0,26.0,37.0,4.0
2754,24.0,26.0,37.0,4.0
2755,25.0,26.0,37.0,1.0
2756,26.0,26.0,37.0,1.0
2757,27.0,26.0,37.0,1.0
2758,28.0,26.0,37.0,6.0
2759,29.0,26.0,38.0,6.0
2760,30.0,26.0,38.0,6.0
2761,31.0,26.0,38.0,6.0
2762,32.0,26.0,38.0,6.0
2763,33.0,26.0,38.0,6.0
2764,34.0,26.0,38.0,6.0
2765,35.0,26.0,38.0,6.0
2766,36.0,26.0,38.0,6.0
2767,37.0,26.0,38.0,6.0
2768,38.0,26.0,38.0,6.0
2769,39.0,26.0,38.0,6.0
2770,40.0,26.0,38.0,6.0
2771,41.0,26.0,38.0,6.0
2772,42.0,26.0,38.0,6.0
2773,43.0,26.0,38.0,6.0
2774,44.0,26.0,38.0,6.0
2775,45.0,26.0,38.0,6.0
2776,46.0,26.0,38.0,6.0
2777,47.0,26.0,38.0,1.0
2778,48.0,26.0,38.0,1.0
2779,49.0,26.0,38.0,1.0
2780,50.0,26.0,38.0,1.0
2781,51.0,26.0,38.0,1.0
2782,52.0,26.0,38.0,1.0
2783,53.0,26.0,38.0,1.0
2784,54.0,26.0,38.0,6.0
2785,55.0,26.0,38.0,6.0
2786,56.0,26.0,38.0,6.0
2787,57.0,26.0,38.0,6.0
2788,58.0,26.0,38.0,6.0
2789,59.0,26.0,41.0,2.0
2790,60.0,26.0,41.0,2.0
2791,61.0,26.0,41.0,2.0
2792,62.0,26.0,41.0,2.0
2793,63.0,26.0,41.0,2.0
2794,64.0,26.0,41.0,2.0
2795,65.0,26.0,41.0,2.0
2796,66.0,26.0,41.0,6.0
2797,67.0,26.0,41.0,6.0
2798,68.0,26.0,41.0,6.0
2799,69.0,26.0,41.0,6.0
2800,70.0,26.0,41.0,6.0
2801,71.0,26.0,41.0,6.0
2802,72.0,26.0,41.0,6.0
2803,73.0,26.0,41.0,1.0
2804,74.0,26.0,41.0,1.0
2805,75.0,26.0,41.0,1.0
2806,76.0,26.0,41.0,1.0
2807,77.0,26.0,41.0,1.0
2808,78.0,26.0,41.0,1.0
2809,79.0,26.0,41.0,1.0
2810,80.0,26.0,41.0,5.0
2811,81.0,26.0,41.0,5.0
2812,82.0,26.0,41.0,5.0
2813,83.0,26.0,41.0,5.0
2814,84.0,26.0,41.0,5.0
2815,85.0,26.0,41.0,5.0
2816,86.0,26.0,41.0,5.0
2817,87.0,26.0,41.0,1.0
2818,88.0,26.0,41.0,4.0
2819,89.0,26.0,41.0,1.0
2820,90.0,26.0,41.0,1.0
2821,91.0,26.0,41.0,1.0
2822,92.0,26.0,41.0,1.0
2823,93.0,26.0,41.0,1.0
2824,94.0,26.0,41.0,1.0
2825,95.0,26.0,41.0,1.0
2826,96.0,26.0,42.0,1.0
2827,97.0,26.0,42.0,1.0
2828,98.0,26.0,42.0,1.0
2829,99.0,26.0,42.0,4.0
2830,100.0,26.0,42.0,4.0
2831,101.0,26.0,42.0,4.0
2832,102.0,26.0,42.0,4.0
2833,103.0,26.0,42.0,4.0
2834,104.0,26.0,42.0,4.0
